--update modelos flagsetc
UPDATE `creature_template` SET `modelid1`='40613', `subname`='WoW-Magdalena', `scale`='1.2' WHERE `entry`=811115;
UPDATE `creature_template` SET `modelid1`='43585', `subname`='WoW-Magdalena' WHERE `entry`=811112;
UPDATE `creature_template` SET `modelid1`='43585', `subname`='WoW-Magdalena' WHERE `entry`=811111;
UPDATE `creature_template` SET `modelid1`='43633', `subname`='WoW-Magdalena' WHERE `entry`=811114;
UPDATE `creature_template` SET `modelid1`='40547', `subname`='WoW-Magdalena' WHERE `entry`=911119;
UPDATE `creature_template` SET `modelid1`='43639', `subname`='WoW-Magdalena' WHERE `entry`=911118;

-- trainer
insert into `gameobject` (`guid`, `id`, `map`, `zoneId`, `areaId`, `spawnMask`, `phaseMask`, `position_x`, `position_y`, `position_z`, `orientation`, `rotation0`, `rotation1`, `rotation2`, `rotation3`, `spawntimesecs`, `animprogress`, `state`, `isActive`, `protect_anti_doublet`) values(NULL,'214404','1','0','0','1','65535','3309.8','-4600.83','266.688','2.50725','0','0','0.950122','0.31188','300','0','1','0',NULL);

insert into `creature` (`guid`, `id`, `map`, `zoneId`, `areaId`, `spawnMask`, `phaseMask`, `modelid`, `equipment_id`, `position_x`, `position_y`, `position_z`, `orientation`, `spawntimesecs`, `spawndist`, `currentwaypoint`, `curhealth`, `curmana`, `MovementType`, `npcflag`, `npcflag2`, `unit_flags`, `unit_flags2`, `dynamicflags`, `isActive`, `protec_anti_doublet`) values(NULL,'55184','1','0','0','1','65535','0','0','3308.67','-4600.03','267.772','0.98122','300','0','0','2340000','0','0','0','0','0','2048','0','0',NULL);
insert into `creature` (`guid`, `id`, `map`, `zoneId`, `areaId`, `spawnMask`, `phaseMask`, `modelid`, `equipment_id`, `position_x`, `position_y`, `position_z`, `orientation`, `spawntimesecs`, `spawndist`, `currentwaypoint`, `curhealth`, `curmana`, `MovementType`, `npcflag`, `npcflag2`, `unit_flags`, `unit_flags2`, `dynamicflags`, `isActive`, `protec_anti_doublet`) values(NULL,'55184','1','0','0','1','65535','0','0','3310.72','-4601.7','267.61','0.875185','300','0','0','2340000','0','0','0','0','0','2048','0','0',NULL);


DELETE FROM `creature` WHERE `id` in (811112,811116,811111,811113,811115,811114,911119,911118);
insert into `creature` (`guid`, `id`, `map`, `zoneId`, `areaId`, `spawnMask`, `phaseMask`, `modelid`, `equipment_id`, `position_x`, `position_y`, `position_z`, `orientation`, `spawntimesecs`, `spawndist`, `currentwaypoint`, `curhealth`, `curmana`, `MovementType`, `npcflag`, `npcflag2`, `unit_flags`, `unit_flags2`, `dynamicflags`, `isActive`, `protec_anti_doublet`) values(NULL,'811111','1','0','0','1','65535','0','0','3332.22','-4608.13','266.234','1.50309','300','0','0','2852724','0','0','0','0','0','2048','0','0',NULL);
insert into `creature` (`guid`, `id`, `map`, `zoneId`, `areaId`, `spawnMask`, `phaseMask`, `modelid`, `equipment_id`, `position_x`, `position_y`, `position_z`, `orientation`, `spawntimesecs`, `spawndist`, `currentwaypoint`, `curhealth`, `curmana`, `MovementType`, `npcflag`, `npcflag2`, `unit_flags`, `unit_flags2`, `dynamicflags`, `isActive`, `protec_anti_doublet`) values(NULL,'811111','1','0','0','1','65535','0','0','1334.83','-4369.52','26.2248','5.33225','300','0','0','2852724','0','0','0','0','0','2048','0','0',NULL);
insert into `creature` (`guid`, `id`, `map`, `zoneId`, `areaId`, `spawnMask`, `phaseMask`, `modelid`, `equipment_id`, `position_x`, `position_y`, `position_z`, `orientation`, `spawntimesecs`, `spawndist`, `currentwaypoint`, `curhealth`, `curmana`, `MovementType`, `npcflag`, `npcflag2`, `unit_flags`, `unit_flags2`, `dynamicflags`, `isActive`, `protec_anti_doublet`) values(NULL,'811111','0','0','0','1','65535','0','0','-9110.85','413.175','93.1157','5.3274','300','0','0','2852724','0','0','0','0','0','2048','0','0',NULL);
insert into `creature` (`guid`, `id`, `map`, `zoneId`, `areaId`, `spawnMask`, `phaseMask`, `modelid`, `equipment_id`, `position_x`, `position_y`, `position_z`, `orientation`, `spawntimesecs`, `spawndist`, `currentwaypoint`, `curhealth`, `curmana`, `MovementType`, `npcflag`, `npcflag2`, `unit_flags`, `unit_flags2`, `dynamicflags`, `isActive`, `protec_anti_doublet`) values(NULL,'811112','1','0','0','1','65535','0','0','3336.46','-4608.32','266.234','1.63268','300','0','0','2852724','0','0','0','0','0','2048','0','0',NULL);
insert into `creature` (`guid`, `id`, `map`, `zoneId`, `areaId`, `spawnMask`, `phaseMask`, `modelid`, `equipment_id`, `position_x`, `position_y`, `position_z`, `orientation`, `spawntimesecs`, `spawndist`, `currentwaypoint`, `curhealth`, `curmana`, `MovementType`, `npcflag`, `npcflag2`, `unit_flags`, `unit_flags2`, `dynamicflags`, `isActive`, `protec_anti_doublet`) values(NULL,'811112','1','0','0','1','65535','0','0','1331.08','-4371.65','26.2009','5.24022','300','0','0','2852724','0','0','0','0','0','2048','0','0',NULL);
insert into `creature` (`guid`, `id`, `map`, `zoneId`, `areaId`, `spawnMask`, `phaseMask`, `modelid`, `equipment_id`, `position_x`, `position_y`, `position_z`, `orientation`, `spawntimesecs`, `spawndist`, `currentwaypoint`, `curhealth`, `curmana`, `MovementType`, `npcflag`, `npcflag2`, `unit_flags`, `unit_flags2`, `dynamicflags`, `isActive`, `protec_anti_doublet`) values(NULL,'811112','0','0','0','1','65535','0','0','-9114.61','410.655','93.1012','5.41379','300','0','0','2852724','0','0','0','0','0','2048','0','0',NULL);
insert into `creature` (`guid`, `id`, `map`, `zoneId`, `areaId`, `spawnMask`, `phaseMask`, `modelid`, `equipment_id`, `position_x`, `position_y`, `position_z`, `orientation`, `spawntimesecs`, `spawndist`, `currentwaypoint`, `curhealth`, `curmana`, `MovementType`, `npcflag`, `npcflag2`, `unit_flags`, `unit_flags2`, `dynamicflags`, `isActive`, `protec_anti_doublet`) values(NULL,'811113','1','0','0','1','65535','0','0','3330.05','-4607.81','266.234','1.42064','300','0','0','2852724','0','0','0','0','0','2048','0','0',NULL);
insert into `creature` (`guid`, `id`, `map`, `zoneId`, `areaId`, `spawnMask`, `phaseMask`, `modelid`, `equipment_id`, `position_x`, `position_y`, `position_z`, `orientation`, `spawntimesecs`, `spawndist`, `currentwaypoint`, `curhealth`, `curmana`, `MovementType`, `npcflag`, `npcflag2`, `unit_flags`, `unit_flags2`, `dynamicflags`, `isActive`, `protec_anti_doublet`) values(NULL,'811113','1','0','0','1','65535','0','0','1336.73','-4368.61','26.2863','5.25371','300','0','0','2852724','0','0','0','0','0','2048','0','0',NULL);
insert into `creature` (`guid`, `id`, `map`, `zoneId`, `areaId`, `spawnMask`, `phaseMask`, `modelid`, `equipment_id`, `position_x`, `position_y`, `position_z`, `orientation`, `spawntimesecs`, `spawndist`, `currentwaypoint`, `curhealth`, `curmana`, `MovementType`, `npcflag`, `npcflag2`, `unit_flags`, `unit_flags2`, `dynamicflags`, `isActive`, `protec_anti_doublet`) values(NULL,'811113','0','0','0','1','65535','0','0','-9108.95','414.557','93.0489','5.3706','300','0','0','2852724','0','0','0','0','0','2048','0','0',NULL);
insert into `creature` (`guid`, `id`, `map`, `zoneId`, `areaId`, `spawnMask`, `phaseMask`, `modelid`, `equipment_id`, `position_x`, `position_y`, `position_z`, `orientation`, `spawntimesecs`, `spawndist`, `currentwaypoint`, `curhealth`, `curmana`, `MovementType`, `npcflag`, `npcflag2`, `unit_flags`, `unit_flags2`, `dynamicflags`, `isActive`, `protec_anti_doublet`) values(NULL,'811114','1','0','0','1','1','0','0','3325.16','-4606.61','266.467','1.33705','300','0','0','326966','0','0','0','0','0','2048','0','0',NULL);
insert into `creature` (`guid`, `id`, `map`, `zoneId`, `areaId`, `spawnMask`, `phaseMask`, `modelid`, `equipment_id`, `position_x`, `position_y`, `position_z`, `orientation`, `spawntimesecs`, `spawndist`, `currentwaypoint`, `curhealth`, `curmana`, `MovementType`, `npcflag`, `npcflag2`, `unit_flags`, `unit_flags2`, `dynamicflags`, `isActive`, `protec_anti_doublet`) values(NULL,'811114','1','0','0','1','65535','0','0','1341.37','-4366.04','26.5639','4.99574','300','0','0','326966','0','0','0','0','0','2048','0','0',NULL);
insert into `creature` (`guid`, `id`, `map`, `zoneId`, `areaId`, `spawnMask`, `phaseMask`, `modelid`, `equipment_id`, `position_x`, `position_y`, `position_z`, `orientation`, `spawntimesecs`, `spawndist`, `currentwaypoint`, `curhealth`, `curmana`, `MovementType`, `npcflag`, `npcflag2`, `unit_flags`, `unit_flags2`, `dynamicflags`, `isActive`, `protec_anti_doublet`) values(NULL,'811114','0','0','0','1','65535','0','0','-9104.86','417.744','93.0088','5.43811','300','0','0','326966','0','0','0','0','0','2048','0','0',NULL);
insert into `creature` (`guid`, `id`, `map`, `zoneId`, `areaId`, `spawnMask`, `phaseMask`, `modelid`, `equipment_id`, `position_x`, `position_y`, `position_z`, `orientation`, `spawntimesecs`, `spawndist`, `currentwaypoint`, `curhealth`, `curmana`, `MovementType`, `npcflag`, `npcflag2`, `unit_flags`, `unit_flags2`, `dynamicflags`, `isActive`, `protec_anti_doublet`) values(NULL,'811115','1','0','0','1','1','0','0','3327.47','-4607.09','266.276','1.403','300','0','0','326966','0','0','0','0','0','2048','0','0',NULL);
insert into `creature` (`guid`, `id`, `map`, `zoneId`, `areaId`, `spawnMask`, `phaseMask`, `modelid`, `equipment_id`, `position_x`, `position_y`, `position_z`, `orientation`, `spawntimesecs`, `spawndist`, `currentwaypoint`, `curhealth`, `curmana`, `MovementType`, `npcflag`, `npcflag2`, `unit_flags`, `unit_flags2`, `dynamicflags`, `isActive`, `protec_anti_doublet`) values(NULL,'811115','1','0','0','1','65535','0','0','1338.98','-4367.15','26.3908','5.18969','300','0','0','326966','0','0','0','0','0','2048','0','0',NULL);
insert into `creature` (`guid`, `id`, `map`, `zoneId`, `areaId`, `spawnMask`, `phaseMask`, `modelid`, `equipment_id`, `position_x`, `position_y`, `position_z`, `orientation`, `spawntimesecs`, `spawndist`, `currentwaypoint`, `curhealth`, `curmana`, `MovementType`, `npcflag`, `npcflag2`, `unit_flags`, `unit_flags2`, `dynamicflags`, `isActive`, `protec_anti_doublet`) values(NULL,'811115','0','0','0','1','65535','0','0','-9106.68','416.278','92.9782','5.36668','300','0','0','326966','0','0','0','0','0','2048','0','0',NULL);
insert into `creature` (`guid`, `id`, `map`, `zoneId`, `areaId`, `spawnMask`, `phaseMask`, `modelid`, `equipment_id`, `position_x`, `position_y`, `position_z`, `orientation`, `spawntimesecs`, `spawndist`, `currentwaypoint`, `curhealth`, `curmana`, `MovementType`, `npcflag`, `npcflag2`, `unit_flags`, `unit_flags2`, `dynamicflags`, `isActive`, `protec_anti_doublet`) values(NULL,'811116','1','0','0','1','65535','0','0','3334.39','-4608.26','266.234','1.60127','300','0','0','2852724','0','0','0','0','0','2048','0','0',NULL);
insert into `creature` (`guid`, `id`, `map`, `zoneId`, `areaId`, `spawnMask`, `phaseMask`, `modelid`, `equipment_id`, `position_x`, `position_y`, `position_z`, `orientation`, `spawntimesecs`, `spawndist`, `currentwaypoint`, `curhealth`, `curmana`, `MovementType`, `npcflag`, `npcflag2`, `unit_flags`, `unit_flags2`, `dynamicflags`, `isActive`, `protec_anti_doublet`) values(NULL,'811116','1','0','0','1','65535','0','0','1332.84','-4370.56','26.1943','5.1499','300','0','0','2852724','0','0','0','0','0','2048','0','0',NULL);
insert into `creature` (`guid`, `id`, `map`, `zoneId`, `areaId`, `spawnMask`, `phaseMask`, `modelid`, `equipment_id`, `position_x`, `position_y`, `position_z`, `orientation`, `spawntimesecs`, `spawndist`, `currentwaypoint`, `curhealth`, `curmana`, `MovementType`, `npcflag`, `npcflag2`, `unit_flags`, `unit_flags2`, `dynamicflags`, `isActive`, `protec_anti_doublet`) values(NULL,'811116','0','0','0','1','65535','0','0','-9112.8','411.814','93.1427','5.33133','300','0','0','2852724','0','0','0','0','0','2048','0','0',NULL);
insert into `creature` (`guid`, `id`, `map`, `zoneId`, `areaId`, `spawnMask`, `phaseMask`, `modelid`, `equipment_id`, `position_x`, `position_y`, `position_z`, `orientation`, `spawntimesecs`, `spawndist`, `currentwaypoint`, `curhealth`, `curmana`, `MovementType`, `npcflag`, `npcflag2`, `unit_flags`, `unit_flags2`, `dynamicflags`, `isActive`, `protec_anti_doublet`) values(NULL,'911118','1','0','0','1','1','0','0','16220.1','16265.2','13.2796','4.62672','300','0','0','326966','0','0','0','0','0','2048','0','0',NULL);
insert into `creature` (`guid`, `id`, `map`, `zoneId`, `areaId`, `spawnMask`, `phaseMask`, `modelid`, `equipment_id`, `position_x`, `position_y`, `position_z`, `orientation`, `spawntimesecs`, `spawndist`, `currentwaypoint`, `curhealth`, `curmana`, `MovementType`, `npcflag`, `npcflag2`, `unit_flags`, `unit_flags2`, `dynamicflags`, `isActive`, `protec_anti_doublet`) values(NULL,'911118','1','0','0','1','1','0','0','3320.01','-4605.29','266.413','1.21452','300','0','0','326966','0','0','0','0','0','2048','0','0',NULL);
insert into `creature` (`guid`, `id`, `map`, `zoneId`, `areaId`, `spawnMask`, `phaseMask`, `modelid`, `equipment_id`, `position_x`, `position_y`, `position_z`, `orientation`, `spawntimesecs`, `spawndist`, `currentwaypoint`, `curhealth`, `curmana`, `MovementType`, `npcflag`, `npcflag2`, `unit_flags`, `unit_flags2`, `dynamicflags`, `isActive`, `protec_anti_doublet`) values(NULL,'911118','1','0','0','1','65535','0','0','1346','-4363.5','26.7237','5.07819','300','0','0','326966','0','0','0','0','0','2048','0','0',NULL);
insert into `creature` (`guid`, `id`, `map`, `zoneId`, `areaId`, `spawnMask`, `phaseMask`, `modelid`, `equipment_id`, `position_x`, `position_y`, `position_z`, `orientation`, `spawntimesecs`, `spawndist`, `currentwaypoint`, `curhealth`, `curmana`, `MovementType`, `npcflag`, `npcflag2`, `unit_flags`, `unit_flags2`, `dynamicflags`, `isActive`, `protec_anti_doublet`) values(NULL,'911118','0','0','0','1','65535','0','0','-9101.53','420.739','92.7052','5.50879','300','0','0','326966','0','0','0','0','0','2048','0','0',NULL);
insert into `creature` (`guid`, `id`, `map`, `zoneId`, `areaId`, `spawnMask`, `phaseMask`, `modelid`, `equipment_id`, `position_x`, `position_y`, `position_z`, `orientation`, `spawntimesecs`, `spawndist`, `currentwaypoint`, `curhealth`, `curmana`, `MovementType`, `npcflag`, `npcflag2`, `unit_flags`, `unit_flags2`, `dynamicflags`, `isActive`, `protec_anti_doublet`) values(NULL,'911119','1','0','0','1','1','0','0','16221.9','16265','13.2319','4.72883','300','0','0','326966','0','0','0','0','0','2048','0','0',NULL);
insert into `creature` (`guid`, `id`, `map`, `zoneId`, `areaId`, `spawnMask`, `phaseMask`, `modelid`, `equipment_id`, `position_x`, `position_y`, `position_z`, `orientation`, `spawntimesecs`, `spawndist`, `currentwaypoint`, `curhealth`, `curmana`, `MovementType`, `npcflag`, `npcflag2`, `unit_flags`, `unit_flags2`, `dynamicflags`, `isActive`, `protec_anti_doublet`) values(NULL,'911119','1','0','0','1','1','0','0','3322.45','-4605.79','266.431','1.35747','300','0','0','326966','0','0','0','0','0','2048','0','0',NULL);
insert into `creature` (`guid`, `id`, `map`, `zoneId`, `areaId`, `spawnMask`, `phaseMask`, `modelid`, `equipment_id`, `position_x`, `position_y`, `position_z`, `orientation`, `spawntimesecs`, `spawndist`, `currentwaypoint`, `curhealth`, `curmana`, `MovementType`, `npcflag`, `npcflag2`, `unit_flags`, `unit_flags2`, `dynamicflags`, `isActive`, `protec_anti_doublet`) values(NULL,'911119','1','0','0','1','65535','0','0','1343.81','-4365.01','26.6232','5.06641','300','0','0','326966','0','0','0','0','0','2048','0','0',NULL);
insert into `creature` (`guid`, `id`, `map`, `zoneId`, `areaId`, `spawnMask`, `phaseMask`, `modelid`, `equipment_id`, `position_x`, `position_y`, `position_z`, `orientation`, `spawntimesecs`, `spawndist`, `currentwaypoint`, `curhealth`, `curmana`, `MovementType`, `npcflag`, `npcflag2`, `unit_flags`, `unit_flags2`, `dynamicflags`, `isActive`, `protec_anti_doublet`) values(NULL,'911119','0','0','0','1','65535','0','0','-9103.01','419.229','92.9181','5.3635','300','0','0','326966','0','0','0','0','0','2048','0','0',NULL);

-- tele npc hablar y aura
UPDATE `creature_template` SET `AIName`='SmartAI' WHERE `entry`= 811115;
DELETE FROM `smart_scripts` WHERE `entryorguid`= 811115;
INSERT INTO `smart_scripts` VALUES 
( '811115', '0', '0', '0', '11', '0', '100', '0', '0', '0', '0', '0', '11', '144465', '0', '0', '0', '0', '0', '1', '0', '0', '0', '0', '0', '0', '0', ' on Spawn'),
( '811115', '0', '1', '0', '11', '0', '100', '0', '0', '0', '0', '0', '11', '140004', '0', '0', '0', '0', '0', '1', '0', '0', '0', '0', '0', '0', '0', ' on Spawn'),
( '811115', '0', '2', '0', '1', '0', '100', '0', '1000', '1000', '45000', '55000', '1', '0', '50000', '0', '0', '0', '0', '0', '0', '0', '0', '0', '0', '0', '0', 'LOS - Say Random Text');

DELETE FROM `creature_text` WHERE `entry` IN (811115);
insert into `creature_text` (`entry`, `groupid`, `id`, `text`, `type`, `language`, `probability`, `emote`, `duration`, `sound`, `comment`) values('811115','0','0','Sigues aqui?!\r\n','14','0','20','11','0','0','tele');
insert into `creature_text` (`entry`, `groupid`, `id`, `text`, `type`, `language`, `probability`, `emote`, `duration`, `sound`, `comment`) values('811115','0','1','Donde te gustaria estar hoy?!','14','0','20','1','0','0','tele');

-- tele npc hablar y aura
UPDATE `creature_template` SET `AIName`='SmartAI' WHERE `entry`= 911119;
DELETE FROM `smart_scripts` WHERE `entryorguid`= 911119;
INSERT INTO `smart_scripts` VALUES 
( '911119', '0', '0', '0', '11', '0', '100', '0', '0', '0', '0', '0', '11', '122297', '0', '0', '0', '0', '0', '1', '0', '0', '0', '0', '0', '0', '0', ' on Spawn'),
( '911119', '0', '1', '0', '1', '0', '100', '0', '8000', '8000', '85000', '95000', '1', '0', '90000', '0', '0', '0', '0', '0', '0', '0', '0', '0', '0', '0', '0', 'LOS - Say Random Text');

DELETE FROM `creature_text` WHERE `entry` IN (911119);
insert into `creature_text` (`entry`, `groupid`, `id`, `text`, `type`, `language`, `probability`, `emote`, `duration`, `sound`, `comment`) values('911119','0','0','¿Ya recojiste tu regalo?\r\n','14','0','20','11','0','0','tele');

-- tele npc hablar y aura
UPDATE `creature_template` SET `AIName`='SmartAI' WHERE `entry`= 911118;
DELETE FROM `smart_scripts` WHERE `entryorguid`= 911118;
INSERT INTO `smart_scripts` VALUES 
( '911118', '0', '0', '0', '11', '0', '100', '0', '0', '0', '0', '0', '11', '138083', '0', '0', '0', '0', '0', '1', '0', '0', '0', '0', '0', '0', '0', ' on Spawn'),

-- aura
UPDATE `creature_template` SET `AIName`='SmartAI' WHERE `entry`= 811113;
DELETE FROM `smart_scripts` WHERE `entryorguid`= 811113;
INSERT INTO `smart_scripts` VALUES 
( '811113', '0', '0', '0', '11', '0', '100', '0', '0', '0', '0', '0', '11', '14267', '0', '0', '0', '0', '0', '1', '0', '0', '0', '0', '0', '0', '0', ' on Spawn');

UPDATE `creature_template` SET `AIName`='SmartAI' WHERE `entry`= 811111;
DELETE FROM `smart_scripts` WHERE `entryorguid`= 811111;
INSERT INTO `smart_scripts` VALUES 
( '811111', '0', '0', '0', '11', '0', '100', '0', '0', '0', '0', '0', '11', '14267', '0', '0', '0', '0', '0', '1', '0', '0', '0', '0', '0', '0', '0', ' on Spawn');

UPDATE `creature_template` SET `AIName`='SmartAI' WHERE `entry`= 811112;
DELETE FROM `smart_scripts` WHERE `entryorguid`= 811112;
INSERT INTO `smart_scripts` VALUES 
( '811112', '0', '0', '0', '11', '0', '100', '0', '0', '0', '0', '0', '11', '14268', '0', '0', '0', '0', '0', '1', '0', '0', '0', '0', '0', '0', '0', ' on Spawn');

UPDATE `creature_template` SET `AIName`='SmartAI' WHERE `entry`= 811116;
DELETE FROM `smart_scripts` WHERE `entryorguid`= 811116;
INSERT INTO `smart_scripts` VALUES 
( '811116', '0', '0', '0', '11', '0', '100', '0', '0', '0', '0', '0', '11', '14268', '0', '0', '0', '0', '0', '1', '0', '0', '0', '0', '0', '0', '0', ' on Spawn');

--npc pvp set s15horda 811113
DELETE FROM `creature_template` WHERE `entry`= 811113;
insert into `creature_template` (`entry`, `difficulty_entry_1`, `difficulty_entry_2`, `difficulty_entry_3`, `difficulty_entry_4`, `difficulty_entry_5`, `difficulty_entry_6`, `difficulty_entry_7`, `difficulty_entry_8`, `difficulty_entry_9`, `difficulty_entry_10`, `difficulty_entry_11`, `difficulty_entry_12`, `difficulty_entry_13`, `difficulty_entry_14`, `difficulty_entry_15`, `KillCredit1`, `KillCredit2`, `modelid1`, `modelid2`, `modelid3`, `modelid4`, `name`, `subname`, `IconName`, `gossip_menu_id`, `minlevel`, `maxlevel`, `exp`, `exp_unk`, `faction_A`, `faction_H`, `npcflag`, `npcflag2`, `speed_walk`, `speed_run`, `speed_fly`, `scale`, `rank`, `mindmg`, `maxdmg`, `dmgschool`, `attackpower`, `dmg_multiplier`, `baseattacktime`, `rangeattacktime`, `unit_class`, `unit_flags`, `unit_flags2`, `dynamicflags`, `family`, `trainer_type`, `trainer_spell`, `trainer_class`, `trainer_race`, `minrangedmg`, `maxrangedmg`, `rangedattackpower`, `type`, `type_flags`, `type_flags2`, `lootid`, `pickpocketloot`, `skinloot`, `resistance1`, `resistance2`, `resistance3`, `resistance4`, `resistance5`, `resistance6`, `spell1`, `spell2`, `spell3`, `spell4`, `spell5`, `spell6`, `spell7`, `spell8`, `PetSpellDataId`, `VehicleId`, `mingold`, `maxgold`, `AIName`, `MovementType`, `InhabitType`, `HoverHeight`, `Health_mod`, `Mana_mod`, `Mana_mod_extra`, `Armor_mod`, `RacialLeader`, `questItem1`, `questItem2`, `questItem3`, `questItem4`, `questItem5`, `questItem6`, `movementId`, `RegenHealth`, `equipment_id`, `mechanic_immune_mask`, `flags_extra`, `ScriptName`, `WDBVerified`) values
('811113','0','0','0','0','0','0','0','0','0','0','0','0','0','0','0','0','0','42900','0','0','0','PvP Season 15','WoW-Magdalena','','0','91','91','4','0','1735','1735','4225','0','1','1.14286','1.14286','1','1','11839','17339','0','45299','1','2000','2000','1','164614','0','0','0','0','0','0','0','0','0','0','7','0','0','0','0','0','0','0','0','0','0','0','0','0','0','0','0','0','0','0','0','0','0','0','','0','3','1','7','1','1','1','0','0','0','0','0','0','0','0','1','0','0','2','','17614');

DELETE FROM `npc_vendor` WHERE `entry`= 811113;
insert into `npc_vendor` (`entry`, `slot`, `item`, `maxcount`, `incrtime`, `ExtendedCost`, `type`) values('811113','0','76061','0','0','3167','1');
insert into `npc_vendor` (`entry`, `slot`, `item`, `maxcount`, `incrtime`, `ExtendedCost`, `type`) values('811113','0','89112','0','0','3333','1');
insert into `npc_vendor` (`entry`, `slot`, `item`, `maxcount`, `incrtime`, `ExtendedCost`, `type`) values('811113','0','95348','0','0','3883','1');
insert into `npc_vendor` (`entry`, `slot`, `item`, `maxcount`, `incrtime`, `ExtendedCost`, `type`) values('811113','0','95349','0','0','3171','1');
insert into `npc_vendor` (`entry`, `slot`, `item`, `maxcount`, `incrtime`, `ExtendedCost`, `type`) values('811113','0','98163','0','0','3171','1');
insert into `npc_vendor` (`entry`, `slot`, `item`, `maxcount`, `incrtime`, `ExtendedCost`, `type`) values('811113','0','98164','0','0','3171','1');
insert into `npc_vendor` (`entry`, `slot`, `item`, `maxcount`, `incrtime`, `ExtendedCost`, `type`) values('811113','0','102787','0','0','3173','1');
insert into `npc_vendor` (`entry`, `slot`, `item`, `maxcount`, `incrtime`, `ExtendedCost`, `type`) values('811113','0','102788','0','0','3173','1');
insert into `npc_vendor` (`entry`, `slot`, `item`, `maxcount`, `incrtime`, `ExtendedCost`, `type`) values('811113','0','102789','0','0','3173','1');
insert into `npc_vendor` (`entry`, `slot`, `item`, `maxcount`, `incrtime`, `ExtendedCost`, `type`) values('811113','0','102790','0','0','3173','1');
insert into `npc_vendor` (`entry`, `slot`, `item`, `maxcount`, `incrtime`, `ExtendedCost`, `type`) values('811113','0','102791','0','0','3173','1');
insert into `npc_vendor` (`entry`, `slot`, `item`, `maxcount`, `incrtime`, `ExtendedCost`, `type`) values('811113','0','102792','0','0','3173','1');
insert into `npc_vendor` (`entry`, `slot`, `item`, `maxcount`, `incrtime`, `ExtendedCost`, `type`) values('811113','0','102793','0','0','3173','1');
insert into `npc_vendor` (`entry`, `slot`, `item`, `maxcount`, `incrtime`, `ExtendedCost`, `type`) values('811113','0','102794','0','0','3173','1');
insert into `npc_vendor` (`entry`, `slot`, `item`, `maxcount`, `incrtime`, `ExtendedCost`, `type`) values('811113','0','102795','0','0','3173','1');
insert into `npc_vendor` (`entry`, `slot`, `item`, `maxcount`, `incrtime`, `ExtendedCost`, `type`) values('811113','0','102796','0','0','3173','1');
insert into `npc_vendor` (`entry`, `slot`, `item`, `maxcount`, `incrtime`, `ExtendedCost`, `type`) values('811113','0','102797','0','0','3173','1');
insert into `npc_vendor` (`entry`, `slot`, `item`, `maxcount`, `incrtime`, `ExtendedCost`, `type`) values('811113','0','102798','0','0','3173','1');
insert into `npc_vendor` (`entry`, `slot`, `item`, `maxcount`, `incrtime`, `ExtendedCost`, `type`) values('811113','0','102799','0','0','3173','1');
insert into `npc_vendor` (`entry`, `slot`, `item`, `maxcount`, `incrtime`, `ExtendedCost`, `type`) values('811113','0','102800','0','0','3173','1');
insert into `npc_vendor` (`entry`, `slot`, `item`, `maxcount`, `incrtime`, `ExtendedCost`, `type`) values('811113','0','102801','0','0','3173','1');
insert into `npc_vendor` (`entry`, `slot`, `item`, `maxcount`, `incrtime`, `ExtendedCost`, `type`) values('811113','0','102802','0','0','3173','1');
insert into `npc_vendor` (`entry`, `slot`, `item`, `maxcount`, `incrtime`, `ExtendedCost`, `type`) values('811113','0','102803','0','0','3173','1');
insert into `npc_vendor` (`entry`, `slot`, `item`, `maxcount`, `incrtime`, `ExtendedCost`, `type`) values('811113','0','102804','0','0','3173','1');
insert into `npc_vendor` (`entry`, `slot`, `item`, `maxcount`, `incrtime`, `ExtendedCost`, `type`) values('811113','0','102805','0','0','3173','1');
insert into `npc_vendor` (`entry`, `slot`, `item`, `maxcount`, `incrtime`, `ExtendedCost`, `type`) values('811113','0','102806','0','0','3173','1');
insert into `npc_vendor` (`entry`, `slot`, `item`, `maxcount`, `incrtime`, `ExtendedCost`, `type`) values('811113','0','102807','0','0','3173','1');
insert into `npc_vendor` (`entry`, `slot`, `item`, `maxcount`, `incrtime`, `ExtendedCost`, `type`) values('811113','0','102808','0','0','3173','1');
insert into `npc_vendor` (`entry`, `slot`, `item`, `maxcount`, `incrtime`, `ExtendedCost`, `type`) values('811113','0','102809','0','0','3173','1');
insert into `npc_vendor` (`entry`, `slot`, `item`, `maxcount`, `incrtime`, `ExtendedCost`, `type`) values('811113','0','102810','0','0','3173','1');
insert into `npc_vendor` (`entry`, `slot`, `item`, `maxcount`, `incrtime`, `ExtendedCost`, `type`) values('811113','0','102811','0','0','3162','1');
insert into `npc_vendor` (`entry`, `slot`, `item`, `maxcount`, `incrtime`, `ExtendedCost`, `type`) values('811113','0','102812','0','0','3163','1');
insert into `npc_vendor` (`entry`, `slot`, `item`, `maxcount`, `incrtime`, `ExtendedCost`, `type`) values('811113','0','102813','0','0','3163','1');
insert into `npc_vendor` (`entry`, `slot`, `item`, `maxcount`, `incrtime`, `ExtendedCost`, `type`) values('811113','0','102814','0','0','3164','1');
insert into `npc_vendor` (`entry`, `slot`, `item`, `maxcount`, `incrtime`, `ExtendedCost`, `type`) values('811113','0','102815','0','0','3163','1');
insert into `npc_vendor` (`entry`, `slot`, `item`, `maxcount`, `incrtime`, `ExtendedCost`, `type`) values('811113','0','102816','0','0','3162','1');
insert into `npc_vendor` (`entry`, `slot`, `item`, `maxcount`, `incrtime`, `ExtendedCost`, `type`) values('811113','0','102817','0','0','3164','1');
insert into `npc_vendor` (`entry`, `slot`, `item`, `maxcount`, `incrtime`, `ExtendedCost`, `type`) values('811113','0','102818','0','0','3162','1');
insert into `npc_vendor` (`entry`, `slot`, `item`, `maxcount`, `incrtime`, `ExtendedCost`, `type`) values('811113','0','102819','0','0','3162','1');
insert into `npc_vendor` (`entry`, `slot`, `item`, `maxcount`, `incrtime`, `ExtendedCost`, `type`) values('811113','0','102820','0','0','3164','1');
insert into `npc_vendor` (`entry`, `slot`, `item`, `maxcount`, `incrtime`, `ExtendedCost`, `type`) values('811113','0','102821','0','0','3164','1');
insert into `npc_vendor` (`entry`, `slot`, `item`, `maxcount`, `incrtime`, `ExtendedCost`, `type`) values('811113','0','102822','0','0','3163','1');
insert into `npc_vendor` (`entry`, `slot`, `item`, `maxcount`, `incrtime`, `ExtendedCost`, `type`) values('811113','0','102823','0','0','3163','1');
insert into `npc_vendor` (`entry`, `slot`, `item`, `maxcount`, `incrtime`, `ExtendedCost`, `type`) values('811113','0','102824','0','0','3163','1');
insert into `npc_vendor` (`entry`, `slot`, `item`, `maxcount`, `incrtime`, `ExtendedCost`, `type`) values('811113','0','102825','0','0','3162','1');
insert into `npc_vendor` (`entry`, `slot`, `item`, `maxcount`, `incrtime`, `ExtendedCost`, `type`) values('811113','0','102826','0','0','3163','1');
insert into `npc_vendor` (`entry`, `slot`, `item`, `maxcount`, `incrtime`, `ExtendedCost`, `type`) values('811113','0','102827','0','0','3163','1');
insert into `npc_vendor` (`entry`, `slot`, `item`, `maxcount`, `incrtime`, `ExtendedCost`, `type`) values('811113','0','102828','0','0','3164','1');
insert into `npc_vendor` (`entry`, `slot`, `item`, `maxcount`, `incrtime`, `ExtendedCost`, `type`) values('811113','0','102829','0','0','3162','1');
insert into `npc_vendor` (`entry`, `slot`, `item`, `maxcount`, `incrtime`, `ExtendedCost`, `type`) values('811113','0','102830','0','0','3163','1');
insert into `npc_vendor` (`entry`, `slot`, `item`, `maxcount`, `incrtime`, `ExtendedCost`, `type`) values('811113','0','102831','0','0','3162','1');
insert into `npc_vendor` (`entry`, `slot`, `item`, `maxcount`, `incrtime`, `ExtendedCost`, `type`) values('811113','0','102832','0','0','3162','1');
insert into `npc_vendor` (`entry`, `slot`, `item`, `maxcount`, `incrtime`, `ExtendedCost`, `type`) values('811113','0','102833','0','0','3163','1');
insert into `npc_vendor` (`entry`, `slot`, `item`, `maxcount`, `incrtime`, `ExtendedCost`, `type`) values('811113','0','102834','0','0','3163','1');
insert into `npc_vendor` (`entry`, `slot`, `item`, `maxcount`, `incrtime`, `ExtendedCost`, `type`) values('811113','0','102835','0','0','3164','1');
insert into `npc_vendor` (`entry`, `slot`, `item`, `maxcount`, `incrtime`, `ExtendedCost`, `type`) values('811113','0','102836','0','0','3164','1');
insert into `npc_vendor` (`entry`, `slot`, `item`, `maxcount`, `incrtime`, `ExtendedCost`, `type`) values('811113','0','102837','0','0','3164','1');
insert into `npc_vendor` (`entry`, `slot`, `item`, `maxcount`, `incrtime`, `ExtendedCost`, `type`) values('811113','0','102838','0','0','3164','1');
insert into `npc_vendor` (`entry`, `slot`, `item`, `maxcount`, `incrtime`, `ExtendedCost`, `type`) values('811113','0','102839','0','0','3164','1');
insert into `npc_vendor` (`entry`, `slot`, `item`, `maxcount`, `incrtime`, `ExtendedCost`, `type`) values('811113','0','102840','0','0','3163','1');
insert into `npc_vendor` (`entry`, `slot`, `item`, `maxcount`, `incrtime`, `ExtendedCost`, `type`) values('811113','0','102841','0','0','3164','1');
insert into `npc_vendor` (`entry`, `slot`, `item`, `maxcount`, `incrtime`, `ExtendedCost`, `type`) values('811113','0','102842','0','0','3164','1');
insert into `npc_vendor` (`entry`, `slot`, `item`, `maxcount`, `incrtime`, `ExtendedCost`, `type`) values('811113','0','102843','0','0','3164','1');
insert into `npc_vendor` (`entry`, `slot`, `item`, `maxcount`, `incrtime`, `ExtendedCost`, `type`) values('811113','0','102844','0','0','3164','1');
insert into `npc_vendor` (`entry`, `slot`, `item`, `maxcount`, `incrtime`, `ExtendedCost`, `type`) values('811113','0','102845','0','0','3162','1');
insert into `npc_vendor` (`entry`, `slot`, `item`, `maxcount`, `incrtime`, `ExtendedCost`, `type`) values('811113','0','102846','0','0','3164','1');
insert into `npc_vendor` (`entry`, `slot`, `item`, `maxcount`, `incrtime`, `ExtendedCost`, `type`) values('811113','0','102847','0','0','3163','1');
insert into `npc_vendor` (`entry`, `slot`, `item`, `maxcount`, `incrtime`, `ExtendedCost`, `type`) values('811113','0','102848','0','0','3162','1');
insert into `npc_vendor` (`entry`, `slot`, `item`, `maxcount`, `incrtime`, `ExtendedCost`, `type`) values('811113','0','102849','0','0','3163','1');
insert into `npc_vendor` (`entry`, `slot`, `item`, `maxcount`, `incrtime`, `ExtendedCost`, `type`) values('811113','0','102850','0','0','3162','1');
insert into `npc_vendor` (`entry`, `slot`, `item`, `maxcount`, `incrtime`, `ExtendedCost`, `type`) values('811113','0','102851','0','0','3162','1');
insert into `npc_vendor` (`entry`, `slot`, `item`, `maxcount`, `incrtime`, `ExtendedCost`, `type`) values('811113','0','102852','0','0','3163','1');
insert into `npc_vendor` (`entry`, `slot`, `item`, `maxcount`, `incrtime`, `ExtendedCost`, `type`) values('811113','0','102853','0','0','3162','1');
insert into `npc_vendor` (`entry`, `slot`, `item`, `maxcount`, `incrtime`, `ExtendedCost`, `type`) values('811113','0','102854','0','0','3163','1');
insert into `npc_vendor` (`entry`, `slot`, `item`, `maxcount`, `incrtime`, `ExtendedCost`, `type`) values('811113','0','102855','0','0','3163','1');
insert into `npc_vendor` (`entry`, `slot`, `item`, `maxcount`, `incrtime`, `ExtendedCost`, `type`) values('811113','0','102856','0','0','3163','1');
insert into `npc_vendor` (`entry`, `slot`, `item`, `maxcount`, `incrtime`, `ExtendedCost`, `type`) values('811113','0','102857','0','0','3164','1');
insert into `npc_vendor` (`entry`, `slot`, `item`, `maxcount`, `incrtime`, `ExtendedCost`, `type`) values('811113','0','102858','0','0','3162','1');
insert into `npc_vendor` (`entry`, `slot`, `item`, `maxcount`, `incrtime`, `ExtendedCost`, `type`) values('811113','0','102859','0','0','3164','1');
insert into `npc_vendor` (`entry`, `slot`, `item`, `maxcount`, `incrtime`, `ExtendedCost`, `type`) values('811113','0','102860','0','0','3163','1');
insert into `npc_vendor` (`entry`, `slot`, `item`, `maxcount`, `incrtime`, `ExtendedCost`, `type`) values('811113','0','102861','0','0','3164','1');
insert into `npc_vendor` (`entry`, `slot`, `item`, `maxcount`, `incrtime`, `ExtendedCost`, `type`) values('811113','0','102862','0','0','3164','1');
insert into `npc_vendor` (`entry`, `slot`, `item`, `maxcount`, `incrtime`, `ExtendedCost`, `type`) values('811113','0','102863','0','0','3164','1');
insert into `npc_vendor` (`entry`, `slot`, `item`, `maxcount`, `incrtime`, `ExtendedCost`, `type`) values('811113','0','102864','0','0','3162','1');
insert into `npc_vendor` (`entry`, `slot`, `item`, `maxcount`, `incrtime`, `ExtendedCost`, `type`) values('811113','0','102865','0','0','3164','1');
insert into `npc_vendor` (`entry`, `slot`, `item`, `maxcount`, `incrtime`, `ExtendedCost`, `type`) values('811113','0','102866','0','0','3164','1');
insert into `npc_vendor` (`entry`, `slot`, `item`, `maxcount`, `incrtime`, `ExtendedCost`, `type`) values('811113','0','102867','0','0','3162','1');
insert into `npc_vendor` (`entry`, `slot`, `item`, `maxcount`, `incrtime`, `ExtendedCost`, `type`) values('811113','0','102868','0','0','3163','1');
insert into `npc_vendor` (`entry`, `slot`, `item`, `maxcount`, `incrtime`, `ExtendedCost`, `type`) values('811113','0','102870','0','0','3163','1');
insert into `npc_vendor` (`entry`, `slot`, `item`, `maxcount`, `incrtime`, `ExtendedCost`, `type`) values('811113','0','102871','0','0','3164','1');
insert into `npc_vendor` (`entry`, `slot`, `item`, `maxcount`, `incrtime`, `ExtendedCost`, `type`) values('811113','0','102872','0','0','3163','1');
insert into `npc_vendor` (`entry`, `slot`, `item`, `maxcount`, `incrtime`, `ExtendedCost`, `type`) values('811113','0','102873','0','0','3162','1');
insert into `npc_vendor` (`entry`, `slot`, `item`, `maxcount`, `incrtime`, `ExtendedCost`, `type`) values('811113','0','102874','0','0','3164','1');
insert into `npc_vendor` (`entry`, `slot`, `item`, `maxcount`, `incrtime`, `ExtendedCost`, `type`) values('811113','0','102875','0','0','3164','1');
insert into `npc_vendor` (`entry`, `slot`, `item`, `maxcount`, `incrtime`, `ExtendedCost`, `type`) values('811113','0','102876','0','0','3164','1');
insert into `npc_vendor` (`entry`, `slot`, `item`, `maxcount`, `incrtime`, `ExtendedCost`, `type`) values('811113','0','102877','0','0','3163','1');
insert into `npc_vendor` (`entry`, `slot`, `item`, `maxcount`, `incrtime`, `ExtendedCost`, `type`) values('811113','0','102878','0','0','3162','1');
insert into `npc_vendor` (`entry`, `slot`, `item`, `maxcount`, `incrtime`, `ExtendedCost`, `type`) values('811113','0','102879','0','0','3163','1');
insert into `npc_vendor` (`entry`, `slot`, `item`, `maxcount`, `incrtime`, `ExtendedCost`, `type`) values('811113','0','102880','0','0','3164','1');
insert into `npc_vendor` (`entry`, `slot`, `item`, `maxcount`, `incrtime`, `ExtendedCost`, `type`) values('811113','0','102881','0','0','3164','1');
insert into `npc_vendor` (`entry`, `slot`, `item`, `maxcount`, `incrtime`, `ExtendedCost`, `type`) values('811113','0','102882','0','0','3163','1');
insert into `npc_vendor` (`entry`, `slot`, `item`, `maxcount`, `incrtime`, `ExtendedCost`, `type`) values('811113','0','102883','0','0','3164','1');
insert into `npc_vendor` (`entry`, `slot`, `item`, `maxcount`, `incrtime`, `ExtendedCost`, `type`) values('811113','0','102884','0','0','3164','1');
insert into `npc_vendor` (`entry`, `slot`, `item`, `maxcount`, `incrtime`, `ExtendedCost`, `type`) values('811113','0','102885','0','0','3164','1');
insert into `npc_vendor` (`entry`, `slot`, `item`, `maxcount`, `incrtime`, `ExtendedCost`, `type`) values('811113','0','102886','0','0','3162','1');
insert into `npc_vendor` (`entry`, `slot`, `item`, `maxcount`, `incrtime`, `ExtendedCost`, `type`) values('811113','0','102887','0','0','3162','1');
insert into `npc_vendor` (`entry`, `slot`, `item`, `maxcount`, `incrtime`, `ExtendedCost`, `type`) values('811113','0','102888','0','0','3164','1');
insert into `npc_vendor` (`entry`, `slot`, `item`, `maxcount`, `incrtime`, `ExtendedCost`, `type`) values('811113','0','102889','0','0','3163','1');
insert into `npc_vendor` (`entry`, `slot`, `item`, `maxcount`, `incrtime`, `ExtendedCost`, `type`) values('811113','0','102890','0','0','3162','1');
insert into `npc_vendor` (`entry`, `slot`, `item`, `maxcount`, `incrtime`, `ExtendedCost`, `type`) values('811113','0','102891','0','0','3164','1');
insert into `npc_vendor` (`entry`, `slot`, `item`, `maxcount`, `incrtime`, `ExtendedCost`, `type`) values('811113','0','102892','0','0','3164','1');
insert into `npc_vendor` (`entry`, `slot`, `item`, `maxcount`, `incrtime`, `ExtendedCost`, `type`) values('811113','0','102893','0','0','3163','1');
insert into `npc_vendor` (`entry`, `slot`, `item`, `maxcount`, `incrtime`, `ExtendedCost`, `type`) values('811113','0','102894','0','0','3163','1');
insert into `npc_vendor` (`entry`, `slot`, `item`, `maxcount`, `incrtime`, `ExtendedCost`, `type`) values('811113','0','102895','0','0','3164','1');
insert into `npc_vendor` (`entry`, `slot`, `item`, `maxcount`, `incrtime`, `ExtendedCost`, `type`) values('811113','0','102896','0','0','3163','1');
insert into `npc_vendor` (`entry`, `slot`, `item`, `maxcount`, `incrtime`, `ExtendedCost`, `type`) values('811113','0','102897','0','0','3163','1');
insert into `npc_vendor` (`entry`, `slot`, `item`, `maxcount`, `incrtime`, `ExtendedCost`, `type`) values('811113','0','102898','0','0','3164','1');
insert into `npc_vendor` (`entry`, `slot`, `item`, `maxcount`, `incrtime`, `ExtendedCost`, `type`) values('811113','0','102899','0','0','3164','1');
insert into `npc_vendor` (`entry`, `slot`, `item`, `maxcount`, `incrtime`, `ExtendedCost`, `type`) values('811113','0','102900','0','0','3162','1');
insert into `npc_vendor` (`entry`, `slot`, `item`, `maxcount`, `incrtime`, `ExtendedCost`, `type`) values('811113','0','102901','0','0','3162','1');
insert into `npc_vendor` (`entry`, `slot`, `item`, `maxcount`, `incrtime`, `ExtendedCost`, `type`) values('811113','0','102902','0','0','3164','1');
insert into `npc_vendor` (`entry`, `slot`, `item`, `maxcount`, `incrtime`, `ExtendedCost`, `type`) values('811113','0','102903','0','0','3163','1');
insert into `npc_vendor` (`entry`, `slot`, `item`, `maxcount`, `incrtime`, `ExtendedCost`, `type`) values('811113','0','102904','0','0','3163','1');
insert into `npc_vendor` (`entry`, `slot`, `item`, `maxcount`, `incrtime`, `ExtendedCost`, `type`) values('811113','0','102905','0','0','3164','1');
insert into `npc_vendor` (`entry`, `slot`, `item`, `maxcount`, `incrtime`, `ExtendedCost`, `type`) values('811113','0','102906','0','0','3164','1');
insert into `npc_vendor` (`entry`, `slot`, `item`, `maxcount`, `incrtime`, `ExtendedCost`, `type`) values('811113','0','102907','0','0','3162','1');
insert into `npc_vendor` (`entry`, `slot`, `item`, `maxcount`, `incrtime`, `ExtendedCost`, `type`) values('811113','0','102908','0','0','3164','1');
insert into `npc_vendor` (`entry`, `slot`, `item`, `maxcount`, `incrtime`, `ExtendedCost`, `type`) values('811113','0','102909','0','0','3162','1');
insert into `npc_vendor` (`entry`, `slot`, `item`, `maxcount`, `incrtime`, `ExtendedCost`, `type`) values('811113','0','102910','0','0','3162','1');
insert into `npc_vendor` (`entry`, `slot`, `item`, `maxcount`, `incrtime`, `ExtendedCost`, `type`) values('811113','0','102911','0','0','3162','1');
insert into `npc_vendor` (`entry`, `slot`, `item`, `maxcount`, `incrtime`, `ExtendedCost`, `type`) values('811113','0','102912','0','0','3162','1');
insert into `npc_vendor` (`entry`, `slot`, `item`, `maxcount`, `incrtime`, `ExtendedCost`, `type`) values('811113','0','102913','0','0','3164','1');
insert into `npc_vendor` (`entry`, `slot`, `item`, `maxcount`, `incrtime`, `ExtendedCost`, `type`) values('811113','0','102914','0','0','3162','1');
insert into `npc_vendor` (`entry`, `slot`, `item`, `maxcount`, `incrtime`, `ExtendedCost`, `type`) values('811113','0','102915','0','0','3162','1');
insert into `npc_vendor` (`entry`, `slot`, `item`, `maxcount`, `incrtime`, `ExtendedCost`, `type`) values('811113','0','102916','0','0','3162','1');
insert into `npc_vendor` (`entry`, `slot`, `item`, `maxcount`, `incrtime`, `ExtendedCost`, `type`) values('811113','0','102917','0','0','3162','1');
insert into `npc_vendor` (`entry`, `slot`, `item`, `maxcount`, `incrtime`, `ExtendedCost`, `type`) values('811113','0','102918','0','0','3162','1');
insert into `npc_vendor` (`entry`, `slot`, `item`, `maxcount`, `incrtime`, `ExtendedCost`, `type`) values('811113','0','102919','0','0','3163','1');
insert into `npc_vendor` (`entry`, `slot`, `item`, `maxcount`, `incrtime`, `ExtendedCost`, `type`) values('811113','0','102920','0','0','3164','1');
insert into `npc_vendor` (`entry`, `slot`, `item`, `maxcount`, `incrtime`, `ExtendedCost`, `type`) values('811113','0','102921','0','0','3164','1');
insert into `npc_vendor` (`entry`, `slot`, `item`, `maxcount`, `incrtime`, `ExtendedCost`, `type`) values('811113','0','102922','0','0','3163','1');
insert into `npc_vendor` (`entry`, `slot`, `item`, `maxcount`, `incrtime`, `ExtendedCost`, `type`) values('811113','0','102923','0','0','3162','1');
insert into `npc_vendor` (`entry`, `slot`, `item`, `maxcount`, `incrtime`, `ExtendedCost`, `type`) values('811113','0','102924','0','0','3162','1');
insert into `npc_vendor` (`entry`, `slot`, `item`, `maxcount`, `incrtime`, `ExtendedCost`, `type`) values('811113','0','102925','0','0','3162','1');
insert into `npc_vendor` (`entry`, `slot`, `item`, `maxcount`, `incrtime`, `ExtendedCost`, `type`) values('811113','0','102926','0','0','3164','1');
insert into `npc_vendor` (`entry`, `slot`, `item`, `maxcount`, `incrtime`, `ExtendedCost`, `type`) values('811113','0','102927','0','0','3162','1');
insert into `npc_vendor` (`entry`, `slot`, `item`, `maxcount`, `incrtime`, `ExtendedCost`, `type`) values('811113','0','102928','0','0','3163','1');
insert into `npc_vendor` (`entry`, `slot`, `item`, `maxcount`, `incrtime`, `ExtendedCost`, `type`) values('811113','0','102929','0','0','3162','1');
insert into `npc_vendor` (`entry`, `slot`, `item`, `maxcount`, `incrtime`, `ExtendedCost`, `type`) values('811113','0','102930','0','0','3164','1');
insert into `npc_vendor` (`entry`, `slot`, `item`, `maxcount`, `incrtime`, `ExtendedCost`, `type`) values('811113','0','102931','0','0','3163','1');
insert into `npc_vendor` (`entry`, `slot`, `item`, `maxcount`, `incrtime`, `ExtendedCost`, `type`) values('811113','0','102932','0','0','3163','1');
insert into `npc_vendor` (`entry`, `slot`, `item`, `maxcount`, `incrtime`, `ExtendedCost`, `type`) values('811113','0','102933','0','0','3164','1');
insert into `npc_vendor` (`entry`, `slot`, `item`, `maxcount`, `incrtime`, `ExtendedCost`, `type`) values('811113','0','102934','0','0','3163','1');
insert into `npc_vendor` (`entry`, `slot`, `item`, `maxcount`, `incrtime`, `ExtendedCost`, `type`) values('811113','0','102935','0','0','3163','1');
insert into `npc_vendor` (`entry`, `slot`, `item`, `maxcount`, `incrtime`, `ExtendedCost`, `type`) values('811113','0','102936','0','0','3163','1');
insert into `npc_vendor` (`entry`, `slot`, `item`, `maxcount`, `incrtime`, `ExtendedCost`, `type`) values('811113','0','102937','0','0','3162','1');
insert into `npc_vendor` (`entry`, `slot`, `item`, `maxcount`, `incrtime`, `ExtendedCost`, `type`) values('811113','0','102938','0','0','3163','1');
insert into `npc_vendor` (`entry`, `slot`, `item`, `maxcount`, `incrtime`, `ExtendedCost`, `type`) values('811113','0','102939','0','0','3163','1');
insert into `npc_vendor` (`entry`, `slot`, `item`, `maxcount`, `incrtime`, `ExtendedCost`, `type`) values('811113','0','102940','0','0','3162','1');
insert into `npc_vendor` (`entry`, `slot`, `item`, `maxcount`, `incrtime`, `ExtendedCost`, `type`) values('811113','0','102941','0','0','3163','1');
insert into `npc_vendor` (`entry`, `slot`, `item`, `maxcount`, `incrtime`, `ExtendedCost`, `type`) values('811113','0','102942','0','0','3164','1');
insert into `npc_vendor` (`entry`, `slot`, `item`, `maxcount`, `incrtime`, `ExtendedCost`, `type`) values('811113','0','102943','0','0','3164','1');
insert into `npc_vendor` (`entry`, `slot`, `item`, `maxcount`, `incrtime`, `ExtendedCost`, `type`) values('811113','0','102944','0','0','3162','1');
insert into `npc_vendor` (`entry`, `slot`, `item`, `maxcount`, `incrtime`, `ExtendedCost`, `type`) values('811113','0','102945','0','0','3164','1');
insert into `npc_vendor` (`entry`, `slot`, `item`, `maxcount`, `incrtime`, `ExtendedCost`, `type`) values('811113','0','102946','0','0','3164','1');
insert into `npc_vendor` (`entry`, `slot`, `item`, `maxcount`, `incrtime`, `ExtendedCost`, `type`) values('811113','0','102947','0','0','3163','1');
insert into `npc_vendor` (`entry`, `slot`, `item`, `maxcount`, `incrtime`, `ExtendedCost`, `type`) values('811113','0','102948','0','0','3162','1');
insert into `npc_vendor` (`entry`, `slot`, `item`, `maxcount`, `incrtime`, `ExtendedCost`, `type`) values('811113','0','102949','0','0','3164','1');
insert into `npc_vendor` (`entry`, `slot`, `item`, `maxcount`, `incrtime`, `ExtendedCost`, `type`) values('811113','0','102950','0','0','3164','1');
insert into `npc_vendor` (`entry`, `slot`, `item`, `maxcount`, `incrtime`, `ExtendedCost`, `type`) values('811113','0','102951','0','0','3164','1');
insert into `npc_vendor` (`entry`, `slot`, `item`, `maxcount`, `incrtime`, `ExtendedCost`, `type`) values('811113','0','102952','0','0','3162','1');
insert into `npc_vendor` (`entry`, `slot`, `item`, `maxcount`, `incrtime`, `ExtendedCost`, `type`) values('811113','0','102953','0','0','3164','1');
insert into `npc_vendor` (`entry`, `slot`, `item`, `maxcount`, `incrtime`, `ExtendedCost`, `type`) values('811113','0','102954','0','0','3164','1');
insert into `npc_vendor` (`entry`, `slot`, `item`, `maxcount`, `incrtime`, `ExtendedCost`, `type`) values('811113','0','102955','0','0','3164','1');
insert into `npc_vendor` (`entry`, `slot`, `item`, `maxcount`, `incrtime`, `ExtendedCost`, `type`) values('811113','0','102956','0','0','3162','1');
insert into `npc_vendor` (`entry`, `slot`, `item`, `maxcount`, `incrtime`, `ExtendedCost`, `type`) values('811113','0','102957','0','0','3164','1');
insert into `npc_vendor` (`entry`, `slot`, `item`, `maxcount`, `incrtime`, `ExtendedCost`, `type`) values('811113','0','102958','0','0','3162','1');
insert into `npc_vendor` (`entry`, `slot`, `item`, `maxcount`, `incrtime`, `ExtendedCost`, `type`) values('811113','0','102959','0','0','3162','1');
insert into `npc_vendor` (`entry`, `slot`, `item`, `maxcount`, `incrtime`, `ExtendedCost`, `type`) values('811113','0','102960','0','0','3162','1');
insert into `npc_vendor` (`entry`, `slot`, `item`, `maxcount`, `incrtime`, `ExtendedCost`, `type`) values('811113','0','102961','0','0','3164','1');
insert into `npc_vendor` (`entry`, `slot`, `item`, `maxcount`, `incrtime`, `ExtendedCost`, `type`) values('811113','0','102962','0','0','3164','1');
insert into `npc_vendor` (`entry`, `slot`, `item`, `maxcount`, `incrtime`, `ExtendedCost`, `type`) values('811113','0','102963','0','0','3163','1');
insert into `npc_vendor` (`entry`, `slot`, `item`, `maxcount`, `incrtime`, `ExtendedCost`, `type`) values('811113','0','102964','0','0','3162','1');
insert into `npc_vendor` (`entry`, `slot`, `item`, `maxcount`, `incrtime`, `ExtendedCost`, `type`) values('811113','0','102965','0','0','3162','1');
insert into `npc_vendor` (`entry`, `slot`, `item`, `maxcount`, `incrtime`, `ExtendedCost`, `type`) values('811113','0','102966','0','0','3164','1');
insert into `npc_vendor` (`entry`, `slot`, `item`, `maxcount`, `incrtime`, `ExtendedCost`, `type`) values('811113','0','102967','0','0','3164','1');
insert into `npc_vendor` (`entry`, `slot`, `item`, `maxcount`, `incrtime`, `ExtendedCost`, `type`) values('811113','0','102968','0','0','3164','1');
insert into `npc_vendor` (`entry`, `slot`, `item`, `maxcount`, `incrtime`, `ExtendedCost`, `type`) values('811113','0','102969','0','0','3163','1');
insert into `npc_vendor` (`entry`, `slot`, `item`, `maxcount`, `incrtime`, `ExtendedCost`, `type`) values('811113','0','102969','0','0','3164','1');
insert into `npc_vendor` (`entry`, `slot`, `item`, `maxcount`, `incrtime`, `ExtendedCost`, `type`) values('811113','0','102970','0','0','3164','1');
insert into `npc_vendor` (`entry`, `slot`, `item`, `maxcount`, `incrtime`, `ExtendedCost`, `type`) values('811113','0','102971','0','0','3163','1');
insert into `npc_vendor` (`entry`, `slot`, `item`, `maxcount`, `incrtime`, `ExtendedCost`, `type`) values('811113','0','102972','0','0','3164','1');
insert into `npc_vendor` (`entry`, `slot`, `item`, `maxcount`, `incrtime`, `ExtendedCost`, `type`) values('811113','0','102973','0','0','3162','1');
insert into `npc_vendor` (`entry`, `slot`, `item`, `maxcount`, `incrtime`, `ExtendedCost`, `type`) values('811113','0','102974','0','0','3163','1');
insert into `npc_vendor` (`entry`, `slot`, `item`, `maxcount`, `incrtime`, `ExtendedCost`, `type`) values('811113','0','102975','0','0','3162','1');
insert into `npc_vendor` (`entry`, `slot`, `item`, `maxcount`, `incrtime`, `ExtendedCost`, `type`) values('811113','0','102976','0','0','3162','1');
insert into `npc_vendor` (`entry`, `slot`, `item`, `maxcount`, `incrtime`, `ExtendedCost`, `type`) values('811113','0','102977','0','0','3162','1');
insert into `npc_vendor` (`entry`, `slot`, `item`, `maxcount`, `incrtime`, `ExtendedCost`, `type`) values('811113','0','102978','0','0','3162','1');
insert into `npc_vendor` (`entry`, `slot`, `item`, `maxcount`, `incrtime`, `ExtendedCost`, `type`) values('811113','0','102979','0','0','3173','1');
insert into `npc_vendor` (`entry`, `slot`, `item`, `maxcount`, `incrtime`, `ExtendedCost`, `type`) values('811113','0','102980','0','0','3173','1');
insert into `npc_vendor` (`entry`, `slot`, `item`, `maxcount`, `incrtime`, `ExtendedCost`, `type`) values('811113','0','102981','0','0','3173','1');
insert into `npc_vendor` (`entry`, `slot`, `item`, `maxcount`, `incrtime`, `ExtendedCost`, `type`) values('811113','0','102982','0','0','3173','1');
insert into `npc_vendor` (`entry`, `slot`, `item`, `maxcount`, `incrtime`, `ExtendedCost`, `type`) values('811113','0','102983','0','0','3173','1');

--npc pvp set s15ali 811116
DELETE FROM `creature_template` WHERE `entry`= 811116;
insert into `creature_template` (`entry`, `difficulty_entry_1`, `difficulty_entry_2`, `difficulty_entry_3`, `difficulty_entry_4`, `difficulty_entry_5`, `difficulty_entry_6`, `difficulty_entry_7`, `difficulty_entry_8`, `difficulty_entry_9`, `difficulty_entry_10`, `difficulty_entry_11`, `difficulty_entry_12`, `difficulty_entry_13`, `difficulty_entry_14`, `difficulty_entry_15`, `KillCredit1`, `KillCredit2`, `modelid1`, `modelid2`, `modelid3`, `modelid4`, `name`, `subname`, `IconName`, `gossip_menu_id`, `minlevel`, `maxlevel`, `exp`, `exp_unk`, `faction_A`, `faction_H`, `npcflag`, `npcflag2`, `speed_walk`, `speed_run`, `speed_fly`, `scale`, `rank`, `mindmg`, `maxdmg`, `dmgschool`, `attackpower`, `dmg_multiplier`, `baseattacktime`, `rangeattacktime`, `unit_class`, `unit_flags`, `unit_flags2`, `dynamicflags`, `family`, `trainer_type`, `trainer_spell`, `trainer_class`, `trainer_race`, `minrangedmg`, `maxrangedmg`, `rangedattackpower`, `type`, `type_flags`, `type_flags2`, `lootid`, `pickpocketloot`, `skinloot`, `resistance1`, `resistance2`, `resistance3`, `resistance4`, `resistance5`, `resistance6`, `spell1`, `spell2`, `spell3`, `spell4`, `spell5`, `spell6`, `spell7`, `spell8`, `PetSpellDataId`, `VehicleId`, `mingold`, `maxgold`, `AIName`, `MovementType`, `InhabitType`, `HoverHeight`, `Health_mod`, `Mana_mod`, `Mana_mod_extra`, `Armor_mod`, `RacialLeader`, `questItem1`, `questItem2`, `questItem3`, `questItem4`, `questItem5`, `questItem6`, `movementId`, `RegenHealth`, `equipment_id`, `mechanic_immune_mask`, `flags_extra`, `ScriptName`, `WDBVerified`) values
('811116','0','0','0','0','0','0','0','0','0','0','0','0','0','0','0','0','0','42900','0','0','0','PvP Season 15','WoW-Magdalena','','0','91','91','4','0','1733','1733','4225','0','1','1.14286','1.14286','1','1','11839','17339','0','45299','1','2000','2000','1','164614','0','0','0','0','0','0','0','0','0','0','7','0','0','0','0','0','0','0','0','0','0','0','0','0','0','0','0','0','0','0','0','0','0','0','','0','3','1','7','1','1','1','0','0','0','0','0','0','0','0','1','0','0','2','','17614');

DELETE FROM `npc_vendor` WHERE `entry`= 811116;
insert into `npc_vendor` (`entry`, `slot`, `item`, `maxcount`, `incrtime`, `ExtendedCost`, `type`) values('811116','0','76061','0','0','3167','1');
insert into `npc_vendor` (`entry`, `slot`, `item`, `maxcount`, `incrtime`, `ExtendedCost`, `type`) values('811116','0','89112','0','0','3333','1');
insert into `npc_vendor` (`entry`, `slot`, `item`, `maxcount`, `incrtime`, `ExtendedCost`, `type`) values('811116','0','95348','0','0','3883','1');
insert into `npc_vendor` (`entry`, `slot`, `item`, `maxcount`, `incrtime`, `ExtendedCost`, `type`) values('811116','0','95349','0','0','3171','1');
insert into `npc_vendor` (`entry`, `slot`, `item`, `maxcount`, `incrtime`, `ExtendedCost`, `type`) values('811116','0','98163','0','0','3171','1');
insert into `npc_vendor` (`entry`, `slot`, `item`, `maxcount`, `incrtime`, `ExtendedCost`, `type`) values('811116','0','98164','0','0','3171','1');
insert into `npc_vendor` (`entry`, `slot`, `item`, `maxcount`, `incrtime`, `ExtendedCost`, `type`) values('811116','0','103139','0','0','3173','1');
insert into `npc_vendor` (`entry`, `slot`, `item`, `maxcount`, `incrtime`, `ExtendedCost`, `type`) values('811116','0','103140','0','0','3173','1');
insert into `npc_vendor` (`entry`, `slot`, `item`, `maxcount`, `incrtime`, `ExtendedCost`, `type`) values('811116','0','103141','0','0','3173','1');
insert into `npc_vendor` (`entry`, `slot`, `item`, `maxcount`, `incrtime`, `ExtendedCost`, `type`) values('811116','0','103142','0','0','3173','1');
insert into `npc_vendor` (`entry`, `slot`, `item`, `maxcount`, `incrtime`, `ExtendedCost`, `type`) values('811116','0','103143','0','0','3173','1');
insert into `npc_vendor` (`entry`, `slot`, `item`, `maxcount`, `incrtime`, `ExtendedCost`, `type`) values('811116','0','103144','0','0','3173','1');
insert into `npc_vendor` (`entry`, `slot`, `item`, `maxcount`, `incrtime`, `ExtendedCost`, `type`) values('811116','0','103145','0','0','3163','1');
insert into `npc_vendor` (`entry`, `slot`, `item`, `maxcount`, `incrtime`, `ExtendedCost`, `type`) values('811116','0','103146','0','0','3164','1');
insert into `npc_vendor` (`entry`, `slot`, `item`, `maxcount`, `incrtime`, `ExtendedCost`, `type`) values('811116','0','103147','0','0','3164','1');
insert into `npc_vendor` (`entry`, `slot`, `item`, `maxcount`, `incrtime`, `ExtendedCost`, `type`) values('811116','0','103148','0','0','3164','1');
insert into `npc_vendor` (`entry`, `slot`, `item`, `maxcount`, `incrtime`, `ExtendedCost`, `type`) values('811116','0','103149','0','0','3164','1');
insert into `npc_vendor` (`entry`, `slot`, `item`, `maxcount`, `incrtime`, `ExtendedCost`, `type`) values('811116','0','103150','0','0','3163','1');
insert into `npc_vendor` (`entry`, `slot`, `item`, `maxcount`, `incrtime`, `ExtendedCost`, `type`) values('811116','0','103151','0','0','3164','1');
insert into `npc_vendor` (`entry`, `slot`, `item`, `maxcount`, `incrtime`, `ExtendedCost`, `type`) values('811116','0','103152','0','0','3164','1');
insert into `npc_vendor` (`entry`, `slot`, `item`, `maxcount`, `incrtime`, `ExtendedCost`, `type`) values('811116','0','103153','0','0','3173','1');
insert into `npc_vendor` (`entry`, `slot`, `item`, `maxcount`, `incrtime`, `ExtendedCost`, `type`) values('811116','0','103154','0','0','3164','1');
insert into `npc_vendor` (`entry`, `slot`, `item`, `maxcount`, `incrtime`, `ExtendedCost`, `type`) values('811116','0','103155','0','0','3164','1');
insert into `npc_vendor` (`entry`, `slot`, `item`, `maxcount`, `incrtime`, `ExtendedCost`, `type`) values('811116','0','103156','0','0','3164','1');
insert into `npc_vendor` (`entry`, `slot`, `item`, `maxcount`, `incrtime`, `ExtendedCost`, `type`) values('811116','0','103157','0','0','3164','1');
insert into `npc_vendor` (`entry`, `slot`, `item`, `maxcount`, `incrtime`, `ExtendedCost`, `type`) values('811116','0','103158','0','0','3164','1');
insert into `npc_vendor` (`entry`, `slot`, `item`, `maxcount`, `incrtime`, `ExtendedCost`, `type`) values('811116','0','103159','0','0','3164','1');
insert into `npc_vendor` (`entry`, `slot`, `item`, `maxcount`, `incrtime`, `ExtendedCost`, `type`) values('811116','0','103160','0','0','3164','1');
insert into `npc_vendor` (`entry`, `slot`, `item`, `maxcount`, `incrtime`, `ExtendedCost`, `type`) values('811116','0','103161','0','0','3164','1');
insert into `npc_vendor` (`entry`, `slot`, `item`, `maxcount`, `incrtime`, `ExtendedCost`, `type`) values('811116','0','103162','0','0','3164','1');
insert into `npc_vendor` (`entry`, `slot`, `item`, `maxcount`, `incrtime`, `ExtendedCost`, `type`) values('811116','0','103163','0','0','3164','1');
insert into `npc_vendor` (`entry`, `slot`, `item`, `maxcount`, `incrtime`, `ExtendedCost`, `type`) values('811116','0','103164','0','0','3164','1');
insert into `npc_vendor` (`entry`, `slot`, `item`, `maxcount`, `incrtime`, `ExtendedCost`, `type`) values('811116','0','103165','0','0','3164','1');
insert into `npc_vendor` (`entry`, `slot`, `item`, `maxcount`, `incrtime`, `ExtendedCost`, `type`) values('811116','0','103166','0','0','3173','1');
insert into `npc_vendor` (`entry`, `slot`, `item`, `maxcount`, `incrtime`, `ExtendedCost`, `type`) values('811116','0','103167','0','0','3173','1');
insert into `npc_vendor` (`entry`, `slot`, `item`, `maxcount`, `incrtime`, `ExtendedCost`, `type`) values('811116','0','103168','0','0','3173','1');
insert into `npc_vendor` (`entry`, `slot`, `item`, `maxcount`, `incrtime`, `ExtendedCost`, `type`) values('811116','0','103169','0','0','3173','1');
insert into `npc_vendor` (`entry`, `slot`, `item`, `maxcount`, `incrtime`, `ExtendedCost`, `type`) values('811116','0','103170','0','0','3164','1');
insert into `npc_vendor` (`entry`, `slot`, `item`, `maxcount`, `incrtime`, `ExtendedCost`, `type`) values('811116','0','103171','0','0','3164','1');
insert into `npc_vendor` (`entry`, `slot`, `item`, `maxcount`, `incrtime`, `ExtendedCost`, `type`) values('811116','0','103172','0','0','3164','1');
insert into `npc_vendor` (`entry`, `slot`, `item`, `maxcount`, `incrtime`, `ExtendedCost`, `type`) values('811116','0','103173','0','0','3164','1');
insert into `npc_vendor` (`entry`, `slot`, `item`, `maxcount`, `incrtime`, `ExtendedCost`, `type`) values('811116','0','103174','0','0','3164','1');
insert into `npc_vendor` (`entry`, `slot`, `item`, `maxcount`, `incrtime`, `ExtendedCost`, `type`) values('811116','0','103175','0','0','3164','1');
insert into `npc_vendor` (`entry`, `slot`, `item`, `maxcount`, `incrtime`, `ExtendedCost`, `type`) values('811116','0','103176','0','0','3173','1');
insert into `npc_vendor` (`entry`, `slot`, `item`, `maxcount`, `incrtime`, `ExtendedCost`, `type`) values('811116','0','103177','0','0','3173','1');
insert into `npc_vendor` (`entry`, `slot`, `item`, `maxcount`, `incrtime`, `ExtendedCost`, `type`) values('811116','0','103178','0','0','3173','1');
insert into `npc_vendor` (`entry`, `slot`, `item`, `maxcount`, `incrtime`, `ExtendedCost`, `type`) values('811116','0','103179','0','0','3162','1');
insert into `npc_vendor` (`entry`, `slot`, `item`, `maxcount`, `incrtime`, `ExtendedCost`, `type`) values('811116','0','103180','0','0','3163','1');
insert into `npc_vendor` (`entry`, `slot`, `item`, `maxcount`, `incrtime`, `ExtendedCost`, `type`) values('811116','0','103181','0','0','3162','1');
insert into `npc_vendor` (`entry`, `slot`, `item`, `maxcount`, `incrtime`, `ExtendedCost`, `type`) values('811116','0','103182','0','0','3162','1');
insert into `npc_vendor` (`entry`, `slot`, `item`, `maxcount`, `incrtime`, `ExtendedCost`, `type`) values('811116','0','103183','0','0','3163','1');
insert into `npc_vendor` (`entry`, `slot`, `item`, `maxcount`, `incrtime`, `ExtendedCost`, `type`) values('811116','0','103184','0','0','3163','1');
insert into `npc_vendor` (`entry`, `slot`, `item`, `maxcount`, `incrtime`, `ExtendedCost`, `type`) values('811116','0','103185','0','0','3162','1');
insert into `npc_vendor` (`entry`, `slot`, `item`, `maxcount`, `incrtime`, `ExtendedCost`, `type`) values('811116','0','103186','0','0','3162','1');
insert into `npc_vendor` (`entry`, `slot`, `item`, `maxcount`, `incrtime`, `ExtendedCost`, `type`) values('811116','0','103187','0','0','3162','1');
insert into `npc_vendor` (`entry`, `slot`, `item`, `maxcount`, `incrtime`, `ExtendedCost`, `type`) values('811116','0','103188','0','0','3163','1');
insert into `npc_vendor` (`entry`, `slot`, `item`, `maxcount`, `incrtime`, `ExtendedCost`, `type`) values('811116','0','103189','0','0','3164','1');
insert into `npc_vendor` (`entry`, `slot`, `item`, `maxcount`, `incrtime`, `ExtendedCost`, `type`) values('811116','0','103190','0','0','3164','1');
insert into `npc_vendor` (`entry`, `slot`, `item`, `maxcount`, `incrtime`, `ExtendedCost`, `type`) values('811116','0','103191','0','0','3164','1');
insert into `npc_vendor` (`entry`, `slot`, `item`, `maxcount`, `incrtime`, `ExtendedCost`, `type`) values('811116','0','103192','0','0','3163','1');
insert into `npc_vendor` (`entry`, `slot`, `item`, `maxcount`, `incrtime`, `ExtendedCost`, `type`) values('811116','0','103193','0','0','3162','1');
insert into `npc_vendor` (`entry`, `slot`, `item`, `maxcount`, `incrtime`, `ExtendedCost`, `type`) values('811116','0','103194','0','0','3162','1');
insert into `npc_vendor` (`entry`, `slot`, `item`, `maxcount`, `incrtime`, `ExtendedCost`, `type`) values('811116','0','103195','0','0','3162','1');
insert into `npc_vendor` (`entry`, `slot`, `item`, `maxcount`, `incrtime`, `ExtendedCost`, `type`) values('811116','0','103196','0','0','3163','1');
insert into `npc_vendor` (`entry`, `slot`, `item`, `maxcount`, `incrtime`, `ExtendedCost`, `type`) values('811116','0','103197','0','0','3173','1');
insert into `npc_vendor` (`entry`, `slot`, `item`, `maxcount`, `incrtime`, `ExtendedCost`, `type`) values('811116','0','103198','0','0','3164','1');
insert into `npc_vendor` (`entry`, `slot`, `item`, `maxcount`, `incrtime`, `ExtendedCost`, `type`) values('811116','0','103199','0','0','3164','1');
insert into `npc_vendor` (`entry`, `slot`, `item`, `maxcount`, `incrtime`, `ExtendedCost`, `type`) values('811116','0','103200','0','0','3164','1');
insert into `npc_vendor` (`entry`, `slot`, `item`, `maxcount`, `incrtime`, `ExtendedCost`, `type`) values('811116','0','103201','0','0','3163','1');
insert into `npc_vendor` (`entry`, `slot`, `item`, `maxcount`, `incrtime`, `ExtendedCost`, `type`) values('811116','0','103202','0','0','3162','1');
insert into `npc_vendor` (`entry`, `slot`, `item`, `maxcount`, `incrtime`, `ExtendedCost`, `type`) values('811116','0','103203','0','0','3162','1');
insert into `npc_vendor` (`entry`, `slot`, `item`, `maxcount`, `incrtime`, `ExtendedCost`, `type`) values('811116','0','103204','0','0','3162','1');
insert into `npc_vendor` (`entry`, `slot`, `item`, `maxcount`, `incrtime`, `ExtendedCost`, `type`) values('811116','0','103205','0','0','3163','1');
insert into `npc_vendor` (`entry`, `slot`, `item`, `maxcount`, `incrtime`, `ExtendedCost`, `type`) values('811116','0','103206','0','0','3173','1');
insert into `npc_vendor` (`entry`, `slot`, `item`, `maxcount`, `incrtime`, `ExtendedCost`, `type`) values('811116','0','103207','0','0','3173','1');
insert into `npc_vendor` (`entry`, `slot`, `item`, `maxcount`, `incrtime`, `ExtendedCost`, `type`) values('811116','0','103208','0','0','3173','1');
insert into `npc_vendor` (`entry`, `slot`, `item`, `maxcount`, `incrtime`, `ExtendedCost`, `type`) values('811116','0','103209','0','0','3173','1');
insert into `npc_vendor` (`entry`, `slot`, `item`, `maxcount`, `incrtime`, `ExtendedCost`, `type`) values('811116','0','103210','0','0','3163','1');
insert into `npc_vendor` (`entry`, `slot`, `item`, `maxcount`, `incrtime`, `ExtendedCost`, `type`) values('811116','0','103211','0','0','3163','1');
insert into `npc_vendor` (`entry`, `slot`, `item`, `maxcount`, `incrtime`, `ExtendedCost`, `type`) values('811116','0','103212','0','0','3163','1');
insert into `npc_vendor` (`entry`, `slot`, `item`, `maxcount`, `incrtime`, `ExtendedCost`, `type`) values('811116','0','103213','0','0','3164','1');
insert into `npc_vendor` (`entry`, `slot`, `item`, `maxcount`, `incrtime`, `ExtendedCost`, `type`) values('811116','0','103214','0','0','3164','1');
insert into `npc_vendor` (`entry`, `slot`, `item`, `maxcount`, `incrtime`, `ExtendedCost`, `type`) values('811116','0','103215','0','0','3164','1');
insert into `npc_vendor` (`entry`, `slot`, `item`, `maxcount`, `incrtime`, `ExtendedCost`, `type`) values('811116','0','103216','0','0','3164','1');
insert into `npc_vendor` (`entry`, `slot`, `item`, `maxcount`, `incrtime`, `ExtendedCost`, `type`) values('811116','0','103217','0','0','3164','1');
insert into `npc_vendor` (`entry`, `slot`, `item`, `maxcount`, `incrtime`, `ExtendedCost`, `type`) values('811116','0','103218','0','0','3164','1');
insert into `npc_vendor` (`entry`, `slot`, `item`, `maxcount`, `incrtime`, `ExtendedCost`, `type`) values('811116','0','103219','0','0','3162','1');
insert into `npc_vendor` (`entry`, `slot`, `item`, `maxcount`, `incrtime`, `ExtendedCost`, `type`) values('811116','0','103220','0','0','3163','1');
insert into `npc_vendor` (`entry`, `slot`, `item`, `maxcount`, `incrtime`, `ExtendedCost`, `type`) values('811116','0','103221','0','0','3162','1');
insert into `npc_vendor` (`entry`, `slot`, `item`, `maxcount`, `incrtime`, `ExtendedCost`, `type`) values('811116','0','103222','0','0','3162','1');
insert into `npc_vendor` (`entry`, `slot`, `item`, `maxcount`, `incrtime`, `ExtendedCost`, `type`) values('811116','0','103223','0','0','3163','1');
insert into `npc_vendor` (`entry`, `slot`, `item`, `maxcount`, `incrtime`, `ExtendedCost`, `type`) values('811116','0','103224','0','0','3163','1');
insert into `npc_vendor` (`entry`, `slot`, `item`, `maxcount`, `incrtime`, `ExtendedCost`, `type`) values('811116','0','103225','0','0','3162','1');
insert into `npc_vendor` (`entry`, `slot`, `item`, `maxcount`, `incrtime`, `ExtendedCost`, `type`) values('811116','0','103226','0','0','3162','1');
insert into `npc_vendor` (`entry`, `slot`, `item`, `maxcount`, `incrtime`, `ExtendedCost`, `type`) values('811116','0','103227','0','0','3162','1');
insert into `npc_vendor` (`entry`, `slot`, `item`, `maxcount`, `incrtime`, `ExtendedCost`, `type`) values('811116','0','103228','0','0','3163','1');
insert into `npc_vendor` (`entry`, `slot`, `item`, `maxcount`, `incrtime`, `ExtendedCost`, `type`) values('811116','0','103229','0','0','3164','1');
insert into `npc_vendor` (`entry`, `slot`, `item`, `maxcount`, `incrtime`, `ExtendedCost`, `type`) values('811116','0','103230','0','0','3164','1');
insert into `npc_vendor` (`entry`, `slot`, `item`, `maxcount`, `incrtime`, `ExtendedCost`, `type`) values('811116','0','103231','0','0','3164','1');
insert into `npc_vendor` (`entry`, `slot`, `item`, `maxcount`, `incrtime`, `ExtendedCost`, `type`) values('811116','0','103232','0','0','3163','1');
insert into `npc_vendor` (`entry`, `slot`, `item`, `maxcount`, `incrtime`, `ExtendedCost`, `type`) values('811116','0','103233','0','0','3162','1');
insert into `npc_vendor` (`entry`, `slot`, `item`, `maxcount`, `incrtime`, `ExtendedCost`, `type`) values('811116','0','103234','0','0','3162','1');
insert into `npc_vendor` (`entry`, `slot`, `item`, `maxcount`, `incrtime`, `ExtendedCost`, `type`) values('811116','0','103235','0','0','3163','1');
insert into `npc_vendor` (`entry`, `slot`, `item`, `maxcount`, `incrtime`, `ExtendedCost`, `type`) values('811116','0','103236','0','0','3162','1');
insert into `npc_vendor` (`entry`, `slot`, `item`, `maxcount`, `incrtime`, `ExtendedCost`, `type`) values('811116','0','103237','0','0','3163','1');
insert into `npc_vendor` (`entry`, `slot`, `item`, `maxcount`, `incrtime`, `ExtendedCost`, `type`) values('811116','0','103238','0','0','3162','1');
insert into `npc_vendor` (`entry`, `slot`, `item`, `maxcount`, `incrtime`, `ExtendedCost`, `type`) values('811116','0','103239','0','0','3162','1');
insert into `npc_vendor` (`entry`, `slot`, `item`, `maxcount`, `incrtime`, `ExtendedCost`, `type`) values('811116','0','103240','0','0','3163','1');
insert into `npc_vendor` (`entry`, `slot`, `item`, `maxcount`, `incrtime`, `ExtendedCost`, `type`) values('811116','0','103241','0','0','3162','1');
insert into `npc_vendor` (`entry`, `slot`, `item`, `maxcount`, `incrtime`, `ExtendedCost`, `type`) values('811116','0','103242','0','0','3162','1');
insert into `npc_vendor` (`entry`, `slot`, `item`, `maxcount`, `incrtime`, `ExtendedCost`, `type`) values('811116','0','103243','0','0','3163','1');
insert into `npc_vendor` (`entry`, `slot`, `item`, `maxcount`, `incrtime`, `ExtendedCost`, `type`) values('811116','0','103244','0','0','3162','1');
insert into `npc_vendor` (`entry`, `slot`, `item`, `maxcount`, `incrtime`, `ExtendedCost`, `type`) values('811116','0','103245','0','0','3162','1');
insert into `npc_vendor` (`entry`, `slot`, `item`, `maxcount`, `incrtime`, `ExtendedCost`, `type`) values('811116','0','103246','0','0','3163','1');
insert into `npc_vendor` (`entry`, `slot`, `item`, `maxcount`, `incrtime`, `ExtendedCost`, `type`) values('811116','0','103247','0','0','3164','1');
insert into `npc_vendor` (`entry`, `slot`, `item`, `maxcount`, `incrtime`, `ExtendedCost`, `type`) values('811116','0','103248','0','0','3164','1');
insert into `npc_vendor` (`entry`, `slot`, `item`, `maxcount`, `incrtime`, `ExtendedCost`, `type`) values('811116','0','103249','0','0','3164','1');
insert into `npc_vendor` (`entry`, `slot`, `item`, `maxcount`, `incrtime`, `ExtendedCost`, `type`) values('811116','0','103250','0','0','3164','1');
insert into `npc_vendor` (`entry`, `slot`, `item`, `maxcount`, `incrtime`, `ExtendedCost`, `type`) values('811116','0','103251','0','0','3164','1');
insert into `npc_vendor` (`entry`, `slot`, `item`, `maxcount`, `incrtime`, `ExtendedCost`, `type`) values('811116','0','103252','0','0','3164','1');
insert into `npc_vendor` (`entry`, `slot`, `item`, `maxcount`, `incrtime`, `ExtendedCost`, `type`) values('811116','0','103253','0','0','3162','1');
insert into `npc_vendor` (`entry`, `slot`, `item`, `maxcount`, `incrtime`, `ExtendedCost`, `type`) values('811116','0','103254','0','0','3163','1');
insert into `npc_vendor` (`entry`, `slot`, `item`, `maxcount`, `incrtime`, `ExtendedCost`, `type`) values('811116','0','103255','0','0','3162','1');
insert into `npc_vendor` (`entry`, `slot`, `item`, `maxcount`, `incrtime`, `ExtendedCost`, `type`) values('811116','0','103256','0','0','3162','1');
insert into `npc_vendor` (`entry`, `slot`, `item`, `maxcount`, `incrtime`, `ExtendedCost`, `type`) values('811116','0','103257','0','0','3163','1');
insert into `npc_vendor` (`entry`, `slot`, `item`, `maxcount`, `incrtime`, `ExtendedCost`, `type`) values('811116','0','103258','0','0','3164','1');
insert into `npc_vendor` (`entry`, `slot`, `item`, `maxcount`, `incrtime`, `ExtendedCost`, `type`) values('811116','0','103259','0','0','3164','1');
insert into `npc_vendor` (`entry`, `slot`, `item`, `maxcount`, `incrtime`, `ExtendedCost`, `type`) values('811116','0','103260','0','0','3164','1');
insert into `npc_vendor` (`entry`, `slot`, `item`, `maxcount`, `incrtime`, `ExtendedCost`, `type`) values('811116','0','103261','0','0','3164','1');
insert into `npc_vendor` (`entry`, `slot`, `item`, `maxcount`, `incrtime`, `ExtendedCost`, `type`) values('811116','0','103262','0','0','3164','1');
insert into `npc_vendor` (`entry`, `slot`, `item`, `maxcount`, `incrtime`, `ExtendedCost`, `type`) values('811116','0','103263','0','0','3164','1');
insert into `npc_vendor` (`entry`, `slot`, `item`, `maxcount`, `incrtime`, `ExtendedCost`, `type`) values('811116','0','103264','0','0','3173','1');
insert into `npc_vendor` (`entry`, `slot`, `item`, `maxcount`, `incrtime`, `ExtendedCost`, `type`) values('811116','0','103265','0','0','3163','1');
insert into `npc_vendor` (`entry`, `slot`, `item`, `maxcount`, `incrtime`, `ExtendedCost`, `type`) values('811116','0','103266','0','0','3162','1');
insert into `npc_vendor` (`entry`, `slot`, `item`, `maxcount`, `incrtime`, `ExtendedCost`, `type`) values('811116','0','103267','0','0','3162','1');
insert into `npc_vendor` (`entry`, `slot`, `item`, `maxcount`, `incrtime`, `ExtendedCost`, `type`) values('811116','0','103268','0','0','3162','1');
insert into `npc_vendor` (`entry`, `slot`, `item`, `maxcount`, `incrtime`, `ExtendedCost`, `type`) values('811116','0','103269','0','0','3163','1');
insert into `npc_vendor` (`entry`, `slot`, `item`, `maxcount`, `incrtime`, `ExtendedCost`, `type`) values('811116','0','103270','0','0','3163','1');
insert into `npc_vendor` (`entry`, `slot`, `item`, `maxcount`, `incrtime`, `ExtendedCost`, `type`) values('811116','0','103271','0','0','3162','1');
insert into `npc_vendor` (`entry`, `slot`, `item`, `maxcount`, `incrtime`, `ExtendedCost`, `type`) values('811116','0','103272','0','0','3162','1');
insert into `npc_vendor` (`entry`, `slot`, `item`, `maxcount`, `incrtime`, `ExtendedCost`, `type`) values('811116','0','103273','0','0','3162','1');
insert into `npc_vendor` (`entry`, `slot`, `item`, `maxcount`, `incrtime`, `ExtendedCost`, `type`) values('811116','0','103274','0','0','3163','1');
insert into `npc_vendor` (`entry`, `slot`, `item`, `maxcount`, `incrtime`, `ExtendedCost`, `type`) values('811116','0','103275','0','0','3164','1');
insert into `npc_vendor` (`entry`, `slot`, `item`, `maxcount`, `incrtime`, `ExtendedCost`, `type`) values('811116','0','103276','0','0','3164','1');
insert into `npc_vendor` (`entry`, `slot`, `item`, `maxcount`, `incrtime`, `ExtendedCost`, `type`) values('811116','0','103277','0','0','3164','1');
insert into `npc_vendor` (`entry`, `slot`, `item`, `maxcount`, `incrtime`, `ExtendedCost`, `type`) values('811116','0','103278','0','0','3162','1');
insert into `npc_vendor` (`entry`, `slot`, `item`, `maxcount`, `incrtime`, `ExtendedCost`, `type`) values('811116','0','103279','0','0','3163','1');
insert into `npc_vendor` (`entry`, `slot`, `item`, `maxcount`, `incrtime`, `ExtendedCost`, `type`) values('811116','0','103280','0','0','3162','1');
insert into `npc_vendor` (`entry`, `slot`, `item`, `maxcount`, `incrtime`, `ExtendedCost`, `type`) values('811116','0','103281','0','0','3162','1');
insert into `npc_vendor` (`entry`, `slot`, `item`, `maxcount`, `incrtime`, `ExtendedCost`, `type`) values('811116','0','103282','0','0','3163','1');
insert into `npc_vendor` (`entry`, `slot`, `item`, `maxcount`, `incrtime`, `ExtendedCost`, `type`) values('811116','0','103283','0','0','3164','1');
insert into `npc_vendor` (`entry`, `slot`, `item`, `maxcount`, `incrtime`, `ExtendedCost`, `type`) values('811116','0','103284','0','0','3164','1');
insert into `npc_vendor` (`entry`, `slot`, `item`, `maxcount`, `incrtime`, `ExtendedCost`, `type`) values('811116','0','103285','0','0','3164','1');
insert into `npc_vendor` (`entry`, `slot`, `item`, `maxcount`, `incrtime`, `ExtendedCost`, `type`) values('811116','0','103286','0','0','3164','1');
insert into `npc_vendor` (`entry`, `slot`, `item`, `maxcount`, `incrtime`, `ExtendedCost`, `type`) values('811116','0','103287','0','0','3164','1');
insert into `npc_vendor` (`entry`, `slot`, `item`, `maxcount`, `incrtime`, `ExtendedCost`, `type`) values('811116','0','103288','0','0','3162','1');
insert into `npc_vendor` (`entry`, `slot`, `item`, `maxcount`, `incrtime`, `ExtendedCost`, `type`) values('811116','0','103289','0','0','3163','1');
insert into `npc_vendor` (`entry`, `slot`, `item`, `maxcount`, `incrtime`, `ExtendedCost`, `type`) values('811116','0','103290','0','0','3162','1');
insert into `npc_vendor` (`entry`, `slot`, `item`, `maxcount`, `incrtime`, `ExtendedCost`, `type`) values('811116','0','103291','0','0','3162','1');
insert into `npc_vendor` (`entry`, `slot`, `item`, `maxcount`, `incrtime`, `ExtendedCost`, `type`) values('811116','0','103292','0','0','3163','1');
insert into `npc_vendor` (`entry`, `slot`, `item`, `maxcount`, `incrtime`, `ExtendedCost`, `type`) values('811116','0','103293','0','0','3162','1');
insert into `npc_vendor` (`entry`, `slot`, `item`, `maxcount`, `incrtime`, `ExtendedCost`, `type`) values('811116','0','103294','0','0','3163','1');
insert into `npc_vendor` (`entry`, `slot`, `item`, `maxcount`, `incrtime`, `ExtendedCost`, `type`) values('811116','0','103295','0','0','3162','1');
insert into `npc_vendor` (`entry`, `slot`, `item`, `maxcount`, `incrtime`, `ExtendedCost`, `type`) values('811116','0','103296','0','0','3162','1');
insert into `npc_vendor` (`entry`, `slot`, `item`, `maxcount`, `incrtime`, `ExtendedCost`, `type`) values('811116','0','103297','0','0','3163','1');
insert into `npc_vendor` (`entry`, `slot`, `item`, `maxcount`, `incrtime`, `ExtendedCost`, `type`) values('811116','0','103298','0','0','3164','1');
insert into `npc_vendor` (`entry`, `slot`, `item`, `maxcount`, `incrtime`, `ExtendedCost`, `type`) values('811116','0','103299','0','0','3162','1');
insert into `npc_vendor` (`entry`, `slot`, `item`, `maxcount`, `incrtime`, `ExtendedCost`, `type`) values('811116','0','103300','0','0','3163','1');
insert into `npc_vendor` (`entry`, `slot`, `item`, `maxcount`, `incrtime`, `ExtendedCost`, `type`) values('811116','0','103301','0','0','3162','1');
insert into `npc_vendor` (`entry`, `slot`, `item`, `maxcount`, `incrtime`, `ExtendedCost`, `type`) values('811116','0','103302','0','0','3162','1');
insert into `npc_vendor` (`entry`, `slot`, `item`, `maxcount`, `incrtime`, `ExtendedCost`, `type`) values('811116','0','103303','0','0','3163','1');
insert into `npc_vendor` (`entry`, `slot`, `item`, `maxcount`, `incrtime`, `ExtendedCost`, `type`) values('811116','0','103304','0','0','3173','1');
insert into `npc_vendor` (`entry`, `slot`, `item`, `maxcount`, `incrtime`, `ExtendedCost`, `type`) values('811116','0','103305','0','0','3173','1');
insert into `npc_vendor` (`entry`, `slot`, `item`, `maxcount`, `incrtime`, `ExtendedCost`, `type`) values('811116','0','103306','0','0','3173','1');
insert into `npc_vendor` (`entry`, `slot`, `item`, `maxcount`, `incrtime`, `ExtendedCost`, `type`) values('811116','0','103307','0','0','3173','1');
insert into `npc_vendor` (`entry`, `slot`, `item`, `maxcount`, `incrtime`, `ExtendedCost`, `type`) values('811116','0','103308','0','0','3163','1');
insert into `npc_vendor` (`entry`, `slot`, `item`, `maxcount`, `incrtime`, `ExtendedCost`, `type`) values('811116','0','103309','0','0','3163','1');
insert into `npc_vendor` (`entry`, `slot`, `item`, `maxcount`, `incrtime`, `ExtendedCost`, `type`) values('811116','0','103310','0','0','3173','1');
insert into `npc_vendor` (`entry`, `slot`, `item`, `maxcount`, `incrtime`, `ExtendedCost`, `type`) values('811116','0','103311','0','0','3173','1');
insert into `npc_vendor` (`entry`, `slot`, `item`, `maxcount`, `incrtime`, `ExtendedCost`, `type`) values('811116','0','103312','0','0','3173','1');
insert into `npc_vendor` (`entry`, `slot`, `item`, `maxcount`, `incrtime`, `ExtendedCost`, `type`) values('811116','0','103313','0','0','3173','1');
insert into `npc_vendor` (`entry`, `slot`, `item`, `maxcount`, `incrtime`, `ExtendedCost`, `type`) values('811116','0','103314','0','0','3163','1');
insert into `npc_vendor` (`entry`, `slot`, `item`, `maxcount`, `incrtime`, `ExtendedCost`, `type`) values('811116','0','103315','0','0','3164','1');
insert into `npc_vendor` (`entry`, `slot`, `item`, `maxcount`, `incrtime`, `ExtendedCost`, `type`) values('811116','0','103316','0','0','3164','1');
insert into `npc_vendor` (`entry`, `slot`, `item`, `maxcount`, `incrtime`, `ExtendedCost`, `type`) values('811116','0','103317','0','0','3164','1');
insert into `npc_vendor` (`entry`, `slot`, `item`, `maxcount`, `incrtime`, `ExtendedCost`, `type`) values('811116','0','103318','0','0','3164','1');
insert into `npc_vendor` (`entry`, `slot`, `item`, `maxcount`, `incrtime`, `ExtendedCost`, `type`) values('811116','0','103319','0','0','3163','1');
insert into `npc_vendor` (`entry`, `slot`, `item`, `maxcount`, `incrtime`, `ExtendedCost`, `type`) values('811116','0','103320','0','0','3164','1');
insert into `npc_vendor` (`entry`, `slot`, `item`, `maxcount`, `incrtime`, `ExtendedCost`, `type`) values('811116','0','103321','0','0','3164','1');
insert into `npc_vendor` (`entry`, `slot`, `item`, `maxcount`, `incrtime`, `ExtendedCost`, `type`) values('811116','0','103322','0','0','3173','1');
insert into `npc_vendor` (`entry`, `slot`, `item`, `maxcount`, `incrtime`, `ExtendedCost`, `type`) values('811116','0','103323','0','0','3163','1');
insert into `npc_vendor` (`entry`, `slot`, `item`, `maxcount`, `incrtime`, `ExtendedCost`, `type`) values('811116','0','103324','0','0','3162','1');
insert into `npc_vendor` (`entry`, `slot`, `item`, `maxcount`, `incrtime`, `ExtendedCost`, `type`) values('811116','0','103325','0','0','3162','1');
insert into `npc_vendor` (`entry`, `slot`, `item`, `maxcount`, `incrtime`, `ExtendedCost`, `type`) values('811116','0','103326','0','0','3162','1');
insert into `npc_vendor` (`entry`, `slot`, `item`, `maxcount`, `incrtime`, `ExtendedCost`, `type`) values('811116','0','103327','0','0','3163','1');
insert into `npc_vendor` (`entry`, `slot`, `item`, `maxcount`, `incrtime`, `ExtendedCost`, `type`) values('811116','0','103328','0','0','3162','1');
insert into `npc_vendor` (`entry`, `slot`, `item`, `maxcount`, `incrtime`, `ExtendedCost`, `type`) values('811116','0','103329','0','0','3163','1');
insert into `npc_vendor` (`entry`, `slot`, `item`, `maxcount`, `incrtime`, `ExtendedCost`, `type`) values('811116','0','103330','0','0','3162','1');
insert into `npc_vendor` (`entry`, `slot`, `item`, `maxcount`, `incrtime`, `ExtendedCost`, `type`) values('811116','0','103331','0','0','3162','1');
insert into `npc_vendor` (`entry`, `slot`, `item`, `maxcount`, `incrtime`, `ExtendedCost`, `type`) values('811116','0','103332','0','0','3163','1');
insert into `npc_vendor` (`entry`, `slot`, `item`, `maxcount`, `incrtime`, `ExtendedCost`, `type`) values('811116','0','103333','0','0','3163','1');
insert into `npc_vendor` (`entry`, `slot`, `item`, `maxcount`, `incrtime`, `ExtendedCost`, `type`) values('811116','0','103334','0','0','3163','1');
insert into `npc_vendor` (`entry`, `slot`, `item`, `maxcount`, `incrtime`, `ExtendedCost`, `type`) values('811116','0','103335','0','0','3163','1');