--Npc principal id 200009
DELETE FROM `creature_template` WHERE `entry`=200009;
insert into `creature_template` (`entry`, `difficulty_entry_1`, `difficulty_entry_2`, `difficulty_entry_3`, `difficulty_entry_4`, `difficulty_entry_5`, `difficulty_entry_6`, `difficulty_entry_7`, `difficulty_entry_8`, `difficulty_entry_9`, `difficulty_entry_10`, `difficulty_entry_11`, `difficulty_entry_12`, `difficulty_entry_13`, `difficulty_entry_14`, `difficulty_entry_15`, `KillCredit1`, `KillCredit2`, `modelid1`, `modelid2`, `modelid3`, `modelid4`, `name`, `subname`, `IconName`, `gossip_menu_id`, `minlevel`, `maxlevel`, `exp`, `exp_unk`, `faction_A`, `faction_H`, `npcflag`, `npcflag2`, `speed_walk`, `speed_run`, `speed_fly`, `scale`, `rank`, `mindmg`, `maxdmg`, `dmgschool`, `attackpower`, `dmg_multiplier`, `baseattacktime`, `rangeattacktime`, `unit_class`, `unit_flags`, `unit_flags2`, `dynamicflags`, `family`, `trainer_type`, `trainer_spell`, `trainer_class`, `trainer_race`, `minrangedmg`, `maxrangedmg`, `rangedattackpower`, `type`, `type_flags`, `type_flags2`, `lootid`, `pickpocketloot`, `skinloot`, `resistance1`, `resistance2`, `resistance3`, `resistance4`, `resistance5`, `resistance6`, `spell1`, `spell2`, `spell3`, `spell4`, `spell5`, `spell6`, `spell7`, `spell8`, `PetSpellDataId`, `VehicleId`, `mingold`, `maxgold`, `AIName`, `MovementType`, `InhabitType`, `HoverHeight`, `Health_mod`, `Mana_mod`, `Mana_mod_extra`, `Armor_mod`, `RacialLeader`, `questItem1`, `questItem2`, `questItem3`, `questItem4`, `questItem5`, `questItem6`, `movementId`, `RegenHealth`, `equipment_id`, `mechanic_immune_mask`, `flags_extra`, `ScriptName`, `WDBVerified`) values
('200009','0','0','0','0','0','0','0','0','0','0','0','0','0','0','0','0','0','40034','0','0','0','Glifos','WoW-Magdalena','Buy','66100','90','90','0','0','35','35','129','0','1','1','1','1','0','0','0','0','0','1','0','0','0','0','0','0','0','0','0','0','0','0','0','0','0','0','0','0','0','0','0','0','0','0','0','0','0','0','0','0','0','0','0','0','0','0','0','0','','0','3','1','1','1','1','1','0','0','0','0','0','0','0','0','1','0','0','2','','16048');

--estos son npc vendedores que iran dentro del principal como gossip/tienen q crearse todos como vendedores comunes npcvendors id=200010,200011,200012,200013,200014,200015,200016,200017,200018,200019,200020
DELETE FROM `creature_template` WHERE `entry` in (200010,200011,200012,200013,200014,200015,200016,200017,200018,200019,200020);
insert into `creature_template` (`entry`, `difficulty_entry_1`, `difficulty_entry_2`, `difficulty_entry_3`, `difficulty_entry_4`, `difficulty_entry_5`, `difficulty_entry_6`, `difficulty_entry_7`, `difficulty_entry_8`, `difficulty_entry_9`, `difficulty_entry_10`, `difficulty_entry_11`, `difficulty_entry_12`, `difficulty_entry_13`, `difficulty_entry_14`, `difficulty_entry_15`, `KillCredit1`, `KillCredit2`, `modelid1`, `modelid2`, `modelid3`, `modelid4`, `name`, `subname`, `IconName`, `gossip_menu_id`, `minlevel`, `maxlevel`, `exp`, `exp_unk`, `faction_A`, `faction_H`, `npcflag`, `npcflag2`, `speed_walk`, `speed_run`, `speed_fly`, `scale`, `rank`, `mindmg`, `maxdmg`, `dmgschool`, `attackpower`, `dmg_multiplier`, `baseattacktime`, `rangeattacktime`, `unit_class`, `unit_flags`, `unit_flags2`, `dynamicflags`, `family`, `trainer_type`, `trainer_spell`, `trainer_class`, `trainer_race`, `minrangedmg`, `maxrangedmg`, `rangedattackpower`, `type`, `type_flags`, `type_flags2`, `lootid`, `pickpocketloot`, `skinloot`, `resistance1`, `resistance2`, `resistance3`, `resistance4`, `resistance5`, `resistance6`, `spell1`, `spell2`, `spell3`, `spell4`, `spell5`, `spell6`, `spell7`, `spell8`, `PetSpellDataId`, `VehicleId`, `mingold`, `maxgold`, `AIName`, `MovementType`, `InhabitType`, `HoverHeight`, `Health_mod`, `Mana_mod`, `Mana_mod_extra`, `Armor_mod`, `RacialLeader`, `questItem1`, `questItem2`, `questItem3`, `questItem4`, `questItem5`, `questItem6`, `movementId`, `RegenHealth`, `equipment_id`, `mechanic_immune_mask`, `flags_extra`, `ScriptName`, `WDBVerified`) values
('200010','0','0','0','0','0','0','0','0','0','0','0','0','0','0','0','0','0','21249','0','0','0','Glifos Chaman',NULL,'Buy','0','80','80','0','0','35','35','129','0','1','1','1','1','0','0','0','0','0','1','0','0','0','0','0','0','0','0','0','0','0','0','0','0','0','0','0','0','0','0','0','0','0','0','0','0','0','0','0','0','0','0','0','0','0','0','0','0','','0','3','1','1','1','1','1','0','0','0','0','0','0','0','0','1','0','0','0','','16048'),
('200011','0','0','0','0','0','0','0','0','0','0','0','0','0','0','0','0','0','21249','0','0','0','Glifos Brujo',NULL,'Buy','0','80','80','0','0','35','35','129','0','1','1','1','1','0','0','0','0','0','1','0','0','0','0','0','0','0','0','0','0','0','0','0','0','0','0','0','0','0','0','0','0','0','0','0','0','0','0','0','0','0','0','0','0','0','0','0','0','','0','3','1','1','1','1','1','0','0','0','0','0','0','0','0','1','0','0','0','','16048'),
('200012','0','0','0','0','0','0','0','0','0','0','0','0','0','0','0','0','0','21249','0','0','0','Glifos Caballero de la Muerte',NULL,'Buy','0','80','80','0','0','35','35','129','0','1','1','1','1','0','0','0','0','0','1','0','0','0','0','0','0','0','0','0','0','0','0','0','0','0','0','0','0','0','0','0','0','0','0','0','0','0','0','0','0','0','0','0','0','0','0','0','0','','0','3','1','1','1','1','1','0','0','0','0','0','0','0','0','1','0','0','0','','16048'),
('200013','0','0','0','0','0','0','0','0','0','0','0','0','0','0','0','0','0','21249','0','0','0','Glifos Picaro',NULL,'Buy','0','80','80','0','0','35','35','129','0','1','1','1','1','0','0','0','0','0','1','0','0','0','0','0','0','0','0','0','0','0','0','0','0','0','0','0','0','0','0','0','0','0','0','0','0','0','0','0','0','0','0','0','0','0','0','0','0','','0','3','1','1','1','1','1','0','0','0','0','0','0','0','0','1','0','0','0','','16048'),
('200014','0','0','0','0','0','0','0','0','0','0','0','0','0','0','0','0','0','21249','0','0','0','Glifos Paladin',NULL,'Buy','0','80','80','0','0','35','35','129','0','1','1','1','1','0','0','0','0','0','1','0','0','0','0','0','0','0','0','0','0','0','0','0','0','0','0','0','0','0','0','0','0','0','0','0','0','0','0','0','0','0','0','0','0','0','0','0','0','','0','3','1','1','1','1','1','0','0','0','0','0','0','0','0','1','0','0','0','','16048'),
('200015','0','0','0','0','0','0','0','0','0','0','0','0','0','0','0','0','0','21249','0','0','0','Glifos Cazador',NULL,'Buy','0','80','80','0','0','35','35','129','0','1','1','1','1','0','0','0','0','0','1','0','0','0','0','0','0','0','0','0','0','0','0','0','0','0','0','0','0','0','0','0','0','0','0','0','0','0','0','0','0','0','0','0','0','0','0','0','0','','0','3','1','1','1','1','1','0','0','0','0','0','0','0','0','1','0','0','0','','16048'),
('200016','0','0','0','0','0','0','0','0','0','0','0','0','0','0','0','0','0','21249','0','0','0','Glifos Monje',NULL,'Buy','0','80','80','0','0','35','35','129','0','1','1','1','1','0','0','0','0','0','1','0','0','0','0','0','0','0','0','0','0','0','0','0','0','0','0','0','0','0','0','0','0','0','0','0','0','0','0','0','0','0','0','0','0','0','0','0','0','','0','3','1','1','1','1','1','0','0','0','0','0','0','0','0','1','0','0','0','','16048'),
('200017','0','0','0','0','0','0','0','0','0','0','0','0','0','0','0','0','0','21249','0','0','0','Glifos Mago',NULL,'Buy','0','80','80','0','0','35','35','129','0','1','1','1','1','0','0','0','0','0','1','0','0','0','0','0','0','0','0','0','0','0','0','0','0','0','0','0','0','0','0','0','0','0','0','0','0','0','0','0','0','0','0','0','0','0','0','0','0','','0','3','1','1','1','1','1','0','0','0','0','0','0','0','0','1','0','0','0','','16048'),
('200018','0','0','0','0','0','0','0','0','0','0','0','0','0','0','0','0','0','21249','0','0','0','Glifos Priest',NULL,'Buy','0','80','80','0','0','35','35','129','0','1','1','1','1','0','0','0','0','0','1','0','0','0','0','0','0','0','0','0','0','0','0','0','0','0','0','0','0','0','0','0','0','0','0','0','0','0','0','0','0','0','0','0','0','0','0','0','0','','0','3','1','1','1','1','1','0','0','0','0','0','0','0','0','1','0','0','0','','16048'),
('200019','0','0','0','0','0','0','0','0','0','0','0','0','0','0','0','0','0','21249','0','0','0','Glifos Druida',NULL,'Buy','0','80','80','0','0','35','35','129','0','1','1','1','1','0','0','0','0','0','1','0','0','0','0','0','0','0','0','0','0','0','0','0','0','0','0','0','0','0','0','0','0','0','0','0','0','0','0','0','0','0','0','0','0','0','0','0','0','','0','3','1','1','1','1','1','0','0','0','0','0','0','0','0','1','0','0','0','','16048'),
('200020','0','0','0','0','0','0','0','0','0','0','0','0','0','0','0','0','0','21249','0','0','0','Glifos Guerrero',NULL,'Buy','0','80','80','0','0','35','35','129','0','1','1','1','1','0','0','0','0','0','1','0','0','0','0','0','0','0','0','0','0','0','0','0','0','0','0','0','0','0','0','0','0','0','0','0','0','0','0','0','0','0','0','0','0','0','0','0','0','','0','3','1','1','1','1','1','0','0','0','0','0','0','0','0','1','0','0','0','','16048');

DELETE FROM `npc_vendor` WHERE `entry`=200010; --cham
insert into `npc_vendor` (`entry`, `slot`, `item`, `maxcount`, `incrtime`, `ExtendedCost`, `type`) values('200010','0','41517','0','0','3339','1');
insert into `npc_vendor` (`entry`, `slot`, `item`, `maxcount`, `incrtime`, `ExtendedCost`, `type`) values('200010','0','41547','0','0','3339','1');
insert into `npc_vendor` (`entry`, `slot`, `item`, `maxcount`, `incrtime`, `ExtendedCost`, `type`) values('200010','0','41552','0','0','3339','1');
insert into `npc_vendor` (`entry`, `slot`, `item`, `maxcount`, `incrtime`, `ExtendedCost`, `type`) values('200010','0','43344','0','0','3339','1');
insert into `npc_vendor` (`entry`, `slot`, `item`, `maxcount`, `incrtime`, `ExtendedCost`, `type`) values('200010','0','43381','0','0','3339','1');
insert into `npc_vendor` (`entry`, `slot`, `item`, `maxcount`, `incrtime`, `ExtendedCost`, `type`) values('200010','0','43385','0','0','3339','1');
insert into `npc_vendor` (`entry`, `slot`, `item`, `maxcount`, `incrtime`, `ExtendedCost`, `type`) values('200010','0','43386','0','0','3339','1');
insert into `npc_vendor` (`entry`, `slot`, `item`, `maxcount`, `incrtime`, `ExtendedCost`, `type`) values('200010','0','43388','0','0','3339','1');
insert into `npc_vendor` (`entry`, `slot`, `item`, `maxcount`, `incrtime`, `ExtendedCost`, `type`) values('200010','0','43725','0','0','3339','1');
insert into `npc_vendor` (`entry`, `slot`, `item`, `maxcount`, `incrtime`, `ExtendedCost`, `type`) values('200010','0','44923','0','0','3339','1');
insert into `npc_vendor` (`entry`, `slot`, `item`, `maxcount`, `incrtime`, `ExtendedCost`, `type`) values('200010','0','45770','0','0','3339','1');
insert into `npc_vendor` (`entry`, `slot`, `item`, `maxcount`, `incrtime`, `ExtendedCost`, `type`) values('200010','0','45771','0','0','3339','1');
insert into `npc_vendor` (`entry`, `slot`, `item`, `maxcount`, `incrtime`, `ExtendedCost`, `type`) values('200010','0','45772','0','0','3339','1');
insert into `npc_vendor` (`entry`, `slot`, `item`, `maxcount`, `incrtime`, `ExtendedCost`, `type`) values('200010','0','45775','0','0','3339','1');
insert into `npc_vendor` (`entry`, `slot`, `item`, `maxcount`, `incrtime`, `ExtendedCost`, `type`) values('200010','0','45776','0','0','3339','1');
insert into `npc_vendor` (`entry`, `slot`, `item`, `maxcount`, `incrtime`, `ExtendedCost`, `type`) values('200010','0','45777','0','0','3339','1');
insert into `npc_vendor` (`entry`, `slot`, `item`, `maxcount`, `incrtime`, `ExtendedCost`, `type`) values('200010','0','45778','0','0','3339','1');
insert into `npc_vendor` (`entry`, `slot`, `item`, `maxcount`, `incrtime`, `ExtendedCost`, `type`) values('200010','0','41542','0','0','3339','1');
insert into `npc_vendor` (`entry`, `slot`, `item`, `maxcount`, `incrtime`, `ExtendedCost`, `type`) values('200010','0','41541','0','0','3339','1');
insert into `npc_vendor` (`entry`, `slot`, `item`, `maxcount`, `incrtime`, `ExtendedCost`, `type`) values('200010','0','41518','0','0','3339','1');
insert into `npc_vendor` (`entry`, `slot`, `item`, `maxcount`, `incrtime`, `ExtendedCost`, `type`) values('200010','0','41524','0','0','3339','1');
insert into `npc_vendor` (`entry`, `slot`, `item`, `maxcount`, `incrtime`, `ExtendedCost`, `type`) values('200010','0','41526','0','0','3339','1');
insert into `npc_vendor` (`entry`, `slot`, `item`, `maxcount`, `incrtime`, `ExtendedCost`, `type`) values('200010','0','41527','0','0','3339','1');
insert into `npc_vendor` (`entry`, `slot`, `item`, `maxcount`, `incrtime`, `ExtendedCost`, `type`) values('200010','0','41529','0','0','3339','1');
insert into `npc_vendor` (`entry`, `slot`, `item`, `maxcount`, `incrtime`, `ExtendedCost`, `type`) values('200010','0','41530','0','0','3339','1');
insert into `npc_vendor` (`entry`, `slot`, `item`, `maxcount`, `incrtime`, `ExtendedCost`, `type`) values('200010','0','41531','0','0','3339','1');
insert into `npc_vendor` (`entry`, `slot`, `item`, `maxcount`, `incrtime`, `ExtendedCost`, `type`) values('200010','0','41532','0','0','3339','1');
insert into `npc_vendor` (`entry`, `slot`, `item`, `maxcount`, `incrtime`, `ExtendedCost`, `type`) values('200010','0','41533','0','0','3339','1');
insert into `npc_vendor` (`entry`, `slot`, `item`, `maxcount`, `incrtime`, `ExtendedCost`, `type`) values('200010','0','41534','0','0','3339','1');
insert into `npc_vendor` (`entry`, `slot`, `item`, `maxcount`, `incrtime`, `ExtendedCost`, `type`) values('200010','0','41535','0','0','3339','1');
insert into `npc_vendor` (`entry`, `slot`, `item`, `maxcount`, `incrtime`, `ExtendedCost`, `type`) values('200010','0','41536','0','0','3339','1');
insert into `npc_vendor` (`entry`, `slot`, `item`, `maxcount`, `incrtime`, `ExtendedCost`, `type`) values('200010','0','41537','0','0','3339','1');
insert into `npc_vendor` (`entry`, `slot`, `item`, `maxcount`, `incrtime`, `ExtendedCost`, `type`) values('200010','0','41538','0','0','3339','1');
insert into `npc_vendor` (`entry`, `slot`, `item`, `maxcount`, `incrtime`, `ExtendedCost`, `type`) values('200010','0','41539','0','0','3339','1');
insert into `npc_vendor` (`entry`, `slot`, `item`, `maxcount`, `incrtime`, `ExtendedCost`, `type`) values('200010','0','41540','0','0','3339','1');
insert into `npc_vendor` (`entry`, `slot`, `item`, `maxcount`, `incrtime`, `ExtendedCost`, `type`) values('200010','0','71155','0','0','3339','1');
insert into `npc_vendor` (`entry`, `slot`, `item`, `maxcount`, `incrtime`, `ExtendedCost`, `type`) values('200010','0','104053','0','0','3339','1');
insert into `npc_vendor` (`entry`, `slot`, `item`, `maxcount`, `incrtime`, `ExtendedCost`, `type`) values('200010','0','104126','0','0','3339','1');
insert into `npc_vendor` (`entry`, `slot`, `item`, `maxcount`, `incrtime`, `ExtendedCost`, `type`) values('200010','0','104127','0','0','3339','1');
insert into `npc_vendor` (`entry`, `slot`, `item`, `maxcount`, `incrtime`, `ExtendedCost`, `type`) values('200010','0','104129','0','0','3339','1');
insert into `npc_vendor` (`entry`, `slot`, `item`, `maxcount`, `incrtime`, `ExtendedCost`, `type`) values('200010','0','104128','0','0','3339','1');
insert into `npc_vendor` (`entry`, `slot`, `item`, `maxcount`, `incrtime`, `ExtendedCost`, `type`) values('200010','0','104133','0','0','3339','1');
insert into `npc_vendor` (`entry`, `slot`, `item`, `maxcount`, `incrtime`, `ExtendedCost`, `type`) values('200010','0','104131','0','0','3339','1');
insert into `npc_vendor` (`entry`, `slot`, `item`, `maxcount`, `incrtime`, `ExtendedCost`, `type`) values('200010','0','104130','0','0','3339','1');
insert into `npc_vendor` (`entry`, `slot`, `item`, `maxcount`, `incrtime`, `ExtendedCost`, `type`) values('200010','0','104052','0','0','3339','1');
insert into `npc_vendor` (`entry`, `slot`, `item`, `maxcount`, `incrtime`, `ExtendedCost`, `type`) values('200010','0','104134','0','0','3339','1');

DELETE FROM `npc_vendor` WHERE `entry`=200011;--brujo
insert into `npc_vendor` (`entry`, `slot`, `item`, `maxcount`, `incrtime`, `ExtendedCost`, `type`) values('200011','0','42453','0','0','3339','1');
insert into `npc_vendor` (`entry`, `slot`, `item`, `maxcount`, `incrtime`, `ExtendedCost`, `type`) values('200011','0','42473','0','0','3339','1');
insert into `npc_vendor` (`entry`, `slot`, `item`, `maxcount`, `incrtime`, `ExtendedCost`, `type`) values('200011','0','43389','0','0','3339','1');
insert into `npc_vendor` (`entry`, `slot`, `item`, `maxcount`, `incrtime`, `ExtendedCost`, `type`) values('200011','0','43390','0','0','3339','1');
insert into `npc_vendor` (`entry`, `slot`, `item`, `maxcount`, `incrtime`, `ExtendedCost`, `type`) values('200011','0','43391','0','0','3339','1');
insert into `npc_vendor` (`entry`, `slot`, `item`, `maxcount`, `incrtime`, `ExtendedCost`, `type`) values('200011','0','43392','0','0','3339','1');
insert into `npc_vendor` (`entry`, `slot`, `item`, `maxcount`, `incrtime`, `ExtendedCost`, `type`) values('200011','0','43393','0','0','3339','1');
insert into `npc_vendor` (`entry`, `slot`, `item`, `maxcount`, `incrtime`, `ExtendedCost`, `type`) values('200011','0','43394','0','0','3339','1');
insert into `npc_vendor` (`entry`, `slot`, `item`, `maxcount`, `incrtime`, `ExtendedCost`, `type`) values('200011','0','45779','0','0','3339','1');
insert into `npc_vendor` (`entry`, `slot`, `item`, `maxcount`, `incrtime`, `ExtendedCost`, `type`) values('200011','0','45780','0','0','3339','1');
insert into `npc_vendor` (`entry`, `slot`, `item`, `maxcount`, `incrtime`, `ExtendedCost`, `type`) values('200011','0','45781','0','0','3339','1');
insert into `npc_vendor` (`entry`, `slot`, `item`, `maxcount`, `incrtime`, `ExtendedCost`, `type`) values('200011','0','45782','0','0','3339','1');
insert into `npc_vendor` (`entry`, `slot`, `item`, `maxcount`, `incrtime`, `ExtendedCost`, `type`) values('200011','0','45783','0','0','3339','1');
insert into `npc_vendor` (`entry`, `slot`, `item`, `maxcount`, `incrtime`, `ExtendedCost`, `type`) values('200011','0','45785','0','0','3339','1');
insert into `npc_vendor` (`entry`, `slot`, `item`, `maxcount`, `incrtime`, `ExtendedCost`, `type`) values('200011','0','45789','0','0','3339','1');
insert into `npc_vendor` (`entry`, `slot`, `item`, `maxcount`, `incrtime`, `ExtendedCost`, `type`) values('200011','0','50077','0','0','3339','1');
insert into `npc_vendor` (`entry`, `slot`, `item`, `maxcount`, `incrtime`, `ExtendedCost`, `type`) values('200011','0','42472','0','0','3339','1');
insert into `npc_vendor` (`entry`, `slot`, `item`, `maxcount`, `incrtime`, `ExtendedCost`, `type`) values('200011','0','42471','0','0','3339','1');
insert into `npc_vendor` (`entry`, `slot`, `item`, `maxcount`, `incrtime`, `ExtendedCost`, `type`) values('200011','0','42454','0','0','3339','1');
insert into `npc_vendor` (`entry`, `slot`, `item`, `maxcount`, `incrtime`, `ExtendedCost`, `type`) values('200011','0','42455','0','0','3339','1');
insert into `npc_vendor` (`entry`, `slot`, `item`, `maxcount`, `incrtime`, `ExtendedCost`, `type`) values('200011','0','42456','0','0','3339','1');
insert into `npc_vendor` (`entry`, `slot`, `item`, `maxcount`, `incrtime`, `ExtendedCost`, `type`) values('200011','0','42457','0','0','3339','1');
insert into `npc_vendor` (`entry`, `slot`, `item`, `maxcount`, `incrtime`, `ExtendedCost`, `type`) values('200011','0','42458','0','0','3339','1');
insert into `npc_vendor` (`entry`, `slot`, `item`, `maxcount`, `incrtime`, `ExtendedCost`, `type`) values('200011','0','42459','0','0','3339','1');
insert into `npc_vendor` (`entry`, `slot`, `item`, `maxcount`, `incrtime`, `ExtendedCost`, `type`) values('200011','0','42460','0','0','3339','1');
insert into `npc_vendor` (`entry`, `slot`, `item`, `maxcount`, `incrtime`, `ExtendedCost`, `type`) values('200011','0','42461','0','0','3339','1');
insert into `npc_vendor` (`entry`, `slot`, `item`, `maxcount`, `incrtime`, `ExtendedCost`, `type`) values('200011','0','42462','0','0','3339','1');
insert into `npc_vendor` (`entry`, `slot`, `item`, `maxcount`, `incrtime`, `ExtendedCost`, `type`) values('200011','0','42463','0','0','3339','1');
insert into `npc_vendor` (`entry`, `slot`, `item`, `maxcount`, `incrtime`, `ExtendedCost`, `type`) values('200011','0','42464','0','0','3339','1');
insert into `npc_vendor` (`entry`, `slot`, `item`, `maxcount`, `incrtime`, `ExtendedCost`, `type`) values('200011','0','42465','0','0','3339','1');
insert into `npc_vendor` (`entry`, `slot`, `item`, `maxcount`, `incrtime`, `ExtendedCost`, `type`) values('200011','0','42466','0','0','3339','1');
insert into `npc_vendor` (`entry`, `slot`, `item`, `maxcount`, `incrtime`, `ExtendedCost`, `type`) values('200011','0','42467','0','0','3339','1');
insert into `npc_vendor` (`entry`, `slot`, `item`, `maxcount`, `incrtime`, `ExtendedCost`, `type`) values('200011','0','42470','0','0','3339','1');
insert into `npc_vendor` (`entry`, `slot`, `item`, `maxcount`, `incrtime`, `ExtendedCost`, `type`) values('200011','0','93202','0','0','3339','1');

DELETE FROM `npc_vendor` WHERE `entry`=200012;--dk
insert into `npc_vendor` (`entry`, `slot`, `item`, `maxcount`, `incrtime`, `ExtendedCost`, `type`) values('200012','0','43533','0','0','3339','1');
insert into `npc_vendor` (`entry`, `slot`, `item`, `maxcount`, `incrtime`, `ExtendedCost`, `type`) values('200012','0','43552','0','0','3339','1');
insert into `npc_vendor` (`entry`, `slot`, `item`, `maxcount`, `incrtime`, `ExtendedCost`, `type`) values('200012','0','43553','0','0','3339','1');
insert into `npc_vendor` (`entry`, `slot`, `item`, `maxcount`, `incrtime`, `ExtendedCost`, `type`) values('200012','0','43554','0','0','3339','1');
insert into `npc_vendor` (`entry`, `slot`, `item`, `maxcount`, `incrtime`, `ExtendedCost`, `type`) values('200012','0','43671','0','0','3339','1');
insert into `npc_vendor` (`entry`, `slot`, `item`, `maxcount`, `incrtime`, `ExtendedCost`, `type`) values('200012','0','43672','0','0','3339','1');
insert into `npc_vendor` (`entry`, `slot`, `item`, `maxcount`, `incrtime`, `ExtendedCost`, `type`) values('200012','0','43673','0','0','3339','1');
insert into `npc_vendor` (`entry`, `slot`, `item`, `maxcount`, `incrtime`, `ExtendedCost`, `type`) values('200012','0','43825','0','0','3339','1');
insert into `npc_vendor` (`entry`, `slot`, `item`, `maxcount`, `incrtime`, `ExtendedCost`, `type`) values('200012','0','43826','0','0','3339','1');
insert into `npc_vendor` (`entry`, `slot`, `item`, `maxcount`, `incrtime`, `ExtendedCost`, `type`) values('200012','0','43827','0','0','3339','1');
insert into `npc_vendor` (`entry`, `slot`, `item`, `maxcount`, `incrtime`, `ExtendedCost`, `type`) values('200012','0','45799','0','0','3339','1');
insert into `npc_vendor` (`entry`, `slot`, `item`, `maxcount`, `incrtime`, `ExtendedCost`, `type`) values('200012','0','45800','0','0','3339','1');
insert into `npc_vendor` (`entry`, `slot`, `item`, `maxcount`, `incrtime`, `ExtendedCost`, `type`) values('200012','0','45804','0','0','3339','1');
insert into `npc_vendor` (`entry`, `slot`, `item`, `maxcount`, `incrtime`, `ExtendedCost`, `type`) values('200012','0','45806','0','0','3339','1');
insert into `npc_vendor` (`entry`, `slot`, `item`, `maxcount`, `incrtime`, `ExtendedCost`, `type`) values('200012','0','43551','0','0','3339','1');
insert into `npc_vendor` (`entry`, `slot`, `item`, `maxcount`, `incrtime`, `ExtendedCost`, `type`) values('200012','0','43550','0','0','3339','1');
insert into `npc_vendor` (`entry`, `slot`, `item`, `maxcount`, `incrtime`, `ExtendedCost`, `type`) values('200012','0','43534','0','0','3339','1');
insert into `npc_vendor` (`entry`, `slot`, `item`, `maxcount`, `incrtime`, `ExtendedCost`, `type`) values('200012','0','43535','0','0','3339','1');
insert into `npc_vendor` (`entry`, `slot`, `item`, `maxcount`, `incrtime`, `ExtendedCost`, `type`) values('200012','0','43536','0','0','3339','1');
insert into `npc_vendor` (`entry`, `slot`, `item`, `maxcount`, `incrtime`, `ExtendedCost`, `type`) values('200012','0','43537','0','0','3339','1');
insert into `npc_vendor` (`entry`, `slot`, `item`, `maxcount`, `incrtime`, `ExtendedCost`, `type`) values('200012','0','43539','0','0','3339','1');
insert into `npc_vendor` (`entry`, `slot`, `item`, `maxcount`, `incrtime`, `ExtendedCost`, `type`) values('200012','0','43541','0','0','3339','1');
insert into `npc_vendor` (`entry`, `slot`, `item`, `maxcount`, `incrtime`, `ExtendedCost`, `type`) values('200012','0','43542','0','0','3339','1');
insert into `npc_vendor` (`entry`, `slot`, `item`, `maxcount`, `incrtime`, `ExtendedCost`, `type`) values('200012','0','43543','0','0','3339','1');
insert into `npc_vendor` (`entry`, `slot`, `item`, `maxcount`, `incrtime`, `ExtendedCost`, `type`) values('200012','0','43544','0','0','3339','1');
insert into `npc_vendor` (`entry`, `slot`, `item`, `maxcount`, `incrtime`, `ExtendedCost`, `type`) values('200012','0','43546','0','0','3339','1');
insert into `npc_vendor` (`entry`, `slot`, `item`, `maxcount`, `incrtime`, `ExtendedCost`, `type`) values('200012','0','43547','0','0','3339','1');
insert into `npc_vendor` (`entry`, `slot`, `item`, `maxcount`, `incrtime`, `ExtendedCost`, `type`) values('200012','0','43548','0','0','3339','1');
insert into `npc_vendor` (`entry`, `slot`, `item`, `maxcount`, `incrtime`, `ExtendedCost`, `type`) values('200012','0','43549','0','0','3339','1');
insert into `npc_vendor` (`entry`, `slot`, `item`, `maxcount`, `incrtime`, `ExtendedCost`, `type`) values('200012','0','68793','0','0','3339','1');
insert into `npc_vendor` (`entry`, `slot`, `item`, `maxcount`, `incrtime`, `ExtendedCost`, `type`) values('200012','0','104101','0','0','3339','1');
insert into `npc_vendor` (`entry`, `slot`, `item`, `maxcount`, `incrtime`, `ExtendedCost`, `type`) values('200012','0','104046','0','0','3339','1');
insert into `npc_vendor` (`entry`, `slot`, `item`, `maxcount`, `incrtime`, `ExtendedCost`, `type`) values('200012','0','104099','0','0','3339','1');
insert into `npc_vendor` (`entry`, `slot`, `item`, `maxcount`, `incrtime`, `ExtendedCost`, `type`) values('200012','0','104048','0','0','3339','1');
insert into `npc_vendor` (`entry`, `slot`, `item`, `maxcount`, `incrtime`, `ExtendedCost`, `type`) values('200012','0','104047','0','0','3339','1');
insert into `npc_vendor` (`entry`, `slot`, `item`, `maxcount`, `incrtime`, `ExtendedCost`, `type`) values('200012','0','104049','0','0','3339','1');

DELETE FROM `npc_vendor` WHERE `entry`=200013;--rogue
insert into `npc_vendor` (`entry`, `slot`, `item`, `maxcount`, `incrtime`, `ExtendedCost`, `type`) values('200013','0','42954','0','0','3339','1');
insert into `npc_vendor` (`entry`, `slot`, `item`, `maxcount`, `incrtime`, `ExtendedCost`, `type`) values('200013','0','42973','0','0','3339','1');
insert into `npc_vendor` (`entry`, `slot`, `item`, `maxcount`, `incrtime`, `ExtendedCost`, `type`) values('200013','0','42974','0','0','3339','1');
insert into `npc_vendor` (`entry`, `slot`, `item`, `maxcount`, `incrtime`, `ExtendedCost`, `type`) values('200013','0','43343','0','0','3339','1');
insert into `npc_vendor` (`entry`, `slot`, `item`, `maxcount`, `incrtime`, `ExtendedCost`, `type`) values('200013','0','43376','0','0','3339','1');
insert into `npc_vendor` (`entry`, `slot`, `item`, `maxcount`, `incrtime`, `ExtendedCost`, `type`) values('200013','0','43377','0','0','3339','1');
insert into `npc_vendor` (`entry`, `slot`, `item`, `maxcount`, `incrtime`, `ExtendedCost`, `type`) values('200013','0','43378','0','0','3339','1');
insert into `npc_vendor` (`entry`, `slot`, `item`, `maxcount`, `incrtime`, `ExtendedCost`, `type`) values('200013','0','43379','0','0','3339','1');
insert into `npc_vendor` (`entry`, `slot`, `item`, `maxcount`, `incrtime`, `ExtendedCost`, `type`) values('200013','0','43380','0','0','3339','1');
insert into `npc_vendor` (`entry`, `slot`, `item`, `maxcount`, `incrtime`, `ExtendedCost`, `type`) values('200013','0','45761','0','0','3339','1');
insert into `npc_vendor` (`entry`, `slot`, `item`, `maxcount`, `incrtime`, `ExtendedCost`, `type`) values('200013','0','45762','0','0','3339','1');
insert into `npc_vendor` (`entry`, `slot`, `item`, `maxcount`, `incrtime`, `ExtendedCost`, `type`) values('200013','0','45764','0','0','3339','1');
insert into `npc_vendor` (`entry`, `slot`, `item`, `maxcount`, `incrtime`, `ExtendedCost`, `type`) values('200013','0','45766','0','0','3339','1');
insert into `npc_vendor` (`entry`, `slot`, `item`, `maxcount`, `incrtime`, `ExtendedCost`, `type`) values('200013','0','45767','0','0','3339','1');
insert into `npc_vendor` (`entry`, `slot`, `item`, `maxcount`, `incrtime`, `ExtendedCost`, `type`) values('200013','0','45768','0','0','3339','1');
insert into `npc_vendor` (`entry`, `slot`, `item`, `maxcount`, `incrtime`, `ExtendedCost`, `type`) values('200013','0','45769','0','0','3339','1');
insert into `npc_vendor` (`entry`, `slot`, `item`, `maxcount`, `incrtime`, `ExtendedCost`, `type`) values('200013','0','63420','0','0','3339','1');
insert into `npc_vendor` (`entry`, `slot`, `item`, `maxcount`, `incrtime`, `ExtendedCost`, `type`) values('200013','0','42972','0','0','3339','1');
insert into `npc_vendor` (`entry`, `slot`, `item`, `maxcount`, `incrtime`, `ExtendedCost`, `type`) values('200013','0','42971','0','0','3339','1');
insert into `npc_vendor` (`entry`, `slot`, `item`, `maxcount`, `incrtime`, `ExtendedCost`, `type`) values('200013','0','42955','0','0','3339','1');
insert into `npc_vendor` (`entry`, `slot`, `item`, `maxcount`, `incrtime`, `ExtendedCost`, `type`) values('200013','0','42956','0','0','3339','1');
insert into `npc_vendor` (`entry`, `slot`, `item`, `maxcount`, `incrtime`, `ExtendedCost`, `type`) values('200013','0','42957','0','0','3339','1');
insert into `npc_vendor` (`entry`, `slot`, `item`, `maxcount`, `incrtime`, `ExtendedCost`, `type`) values('200013','0','42958','0','0','3339','1');
insert into `npc_vendor` (`entry`, `slot`, `item`, `maxcount`, `incrtime`, `ExtendedCost`, `type`) values('200013','0','42959','0','0','3339','1');
insert into `npc_vendor` (`entry`, `slot`, `item`, `maxcount`, `incrtime`, `ExtendedCost`, `type`) values('200013','0','42960','0','0','3339','1');
insert into `npc_vendor` (`entry`, `slot`, `item`, `maxcount`, `incrtime`, `ExtendedCost`, `type`) values('200013','0','42961','0','0','3339','1');
insert into `npc_vendor` (`entry`, `slot`, `item`, `maxcount`, `incrtime`, `ExtendedCost`, `type`) values('200013','0','42962','0','0','3339','1');
insert into `npc_vendor` (`entry`, `slot`, `item`, `maxcount`, `incrtime`, `ExtendedCost`, `type`) values('200013','0','42963','0','0','3339','1');
insert into `npc_vendor` (`entry`, `slot`, `item`, `maxcount`, `incrtime`, `ExtendedCost`, `type`) values('200013','0','42964','0','0','3339','1');
insert into `npc_vendor` (`entry`, `slot`, `item`, `maxcount`, `incrtime`, `ExtendedCost`, `type`) values('200013','0','42965','0','0','3339','1');
insert into `npc_vendor` (`entry`, `slot`, `item`, `maxcount`, `incrtime`, `ExtendedCost`, `type`) values('200013','0','42966','0','0','3339','1');
insert into `npc_vendor` (`entry`, `slot`, `item`, `maxcount`, `incrtime`, `ExtendedCost`, `type`) values('200013','0','42967','0','0','3339','1');
insert into `npc_vendor` (`entry`, `slot`, `item`, `maxcount`, `incrtime`, `ExtendedCost`, `type`) values('200013','0','42968','0','0','3339','1');
insert into `npc_vendor` (`entry`, `slot`, `item`, `maxcount`, `incrtime`, `ExtendedCost`, `type`) values('200013','0','42969','0','0','3339','1');
insert into `npc_vendor` (`entry`, `slot`, `item`, `maxcount`, `incrtime`, `ExtendedCost`, `type`) values('200013','0','42970','0','0','3339','1');
insert into `npc_vendor` (`entry`, `slot`, `item`, `maxcount`, `incrtime`, `ExtendedCost`, `type`) values('200013','0','64493','0','0','3339','1');
insert into `npc_vendor` (`entry`, `slot`, `item`, `maxcount`, `incrtime`, `ExtendedCost`, `type`) values('200013','0','104124','0','0','3339','1');
insert into `npc_vendor` (`entry`, `slot`, `item`, `maxcount`, `incrtime`, `ExtendedCost`, `type`) values('200013','0','104123','0','0','3339','1');

DELETE FROM `npc_vendor` WHERE `entry`=200014;--pala
insert into `npc_vendor` (`entry`, `slot`, `item`, `maxcount`, `incrtime`, `ExtendedCost`, `type`) values('200014','0','83107','0','0','3339','1');
insert into `npc_vendor` (`entry`, `slot`, `item`, `maxcount`, `incrtime`, `ExtendedCost`, `type`) values('200014','0','45743','0','0','3339','1');
insert into `npc_vendor` (`entry`, `slot`, `item`, `maxcount`, `incrtime`, `ExtendedCost`, `type`) values('200014','0','45742','0','0','3339','1');
insert into `npc_vendor` (`entry`, `slot`, `item`, `maxcount`, `incrtime`, `ExtendedCost`, `type`) values('200014','0','45741','0','0','3339','1');
insert into `npc_vendor` (`entry`, `slot`, `item`, `maxcount`, `incrtime`, `ExtendedCost`, `type`) values('200014','0','43869','0','0','3339','1');
insert into `npc_vendor` (`entry`, `slot`, `item`, `maxcount`, `incrtime`, `ExtendedCost`, `type`) values('200014','0','43868','0','0','3339','1');
insert into `npc_vendor` (`entry`, `slot`, `item`, `maxcount`, `incrtime`, `ExtendedCost`, `type`) values('200014','0','43867','0','0','3339','1');
insert into `npc_vendor` (`entry`, `slot`, `item`, `maxcount`, `incrtime`, `ExtendedCost`, `type`) values('200014','0','43369','0','0','3339','1');
insert into `npc_vendor` (`entry`, `slot`, `item`, `maxcount`, `incrtime`, `ExtendedCost`, `type`) values('200014','0','43368','0','0','3339','1');
insert into `npc_vendor` (`entry`, `slot`, `item`, `maxcount`, `incrtime`, `ExtendedCost`, `type`) values('200014','0','45744','0','0','3339','1');
insert into `npc_vendor` (`entry`, `slot`, `item`, `maxcount`, `incrtime`, `ExtendedCost`, `type`) values('200014','0','45745','0','0','3339','1');
insert into `npc_vendor` (`entry`, `slot`, `item`, `maxcount`, `incrtime`, `ExtendedCost`, `type`) values('200014','0','81956','0','0','3339','1');
insert into `npc_vendor` (`entry`, `slot`, `item`, `maxcount`, `incrtime`, `ExtendedCost`, `type`) values('200014','0','80586','0','0','3339','1');
insert into `npc_vendor` (`entry`, `slot`, `item`, `maxcount`, `incrtime`, `ExtendedCost`, `type`) values('200014','0','80585','0','0','3339','1');
insert into `npc_vendor` (`entry`, `slot`, `item`, `maxcount`, `incrtime`, `ExtendedCost`, `type`) values('200014','0','80584','0','0','3339','1');
insert into `npc_vendor` (`entry`, `slot`, `item`, `maxcount`, `incrtime`, `ExtendedCost`, `type`) values('200014','0','80581','0','0','3339','1');
insert into `npc_vendor` (`entry`, `slot`, `item`, `maxcount`, `incrtime`, `ExtendedCost`, `type`) values('200014','0','66918','0','0','3339','1');
insert into `npc_vendor` (`entry`, `slot`, `item`, `maxcount`, `incrtime`, `ExtendedCost`, `type`) values('200014','0','45747','0','0','3339','1');
insert into `npc_vendor` (`entry`, `slot`, `item`, `maxcount`, `incrtime`, `ExtendedCost`, `type`) values('200014','0','45746','0','0','3339','1');
insert into `npc_vendor` (`entry`, `slot`, `item`, `maxcount`, `incrtime`, `ExtendedCost`, `type`) values('200014','0','43367','0','0','3339','1');
insert into `npc_vendor` (`entry`, `slot`, `item`, `maxcount`, `incrtime`, `ExtendedCost`, `type`) values('200014','0','43366','0','0','3339','1');
insert into `npc_vendor` (`entry`, `slot`, `item`, `maxcount`, `incrtime`, `ExtendedCost`, `type`) values('200014','0','43365','0','0','3339','1');
insert into `npc_vendor` (`entry`, `slot`, `item`, `maxcount`, `incrtime`, `ExtendedCost`, `type`) values('200014','0','41101','0','0','3339','1');
insert into `npc_vendor` (`entry`, `slot`, `item`, `maxcount`, `incrtime`, `ExtendedCost`, `type`) values('200014','0','41100','0','0','3339','1');
insert into `npc_vendor` (`entry`, `slot`, `item`, `maxcount`, `incrtime`, `ExtendedCost`, `type`) values('200014','0','41099','0','0','3339','1');
insert into `npc_vendor` (`entry`, `slot`, `item`, `maxcount`, `incrtime`, `ExtendedCost`, `type`) values('200014','0','41098','0','0','3339','1');
insert into `npc_vendor` (`entry`, `slot`, `item`, `maxcount`, `incrtime`, `ExtendedCost`, `type`) values('200014','0','41097','0','0','3339','1');
insert into `npc_vendor` (`entry`, `slot`, `item`, `maxcount`, `incrtime`, `ExtendedCost`, `type`) values('200014','0','41096','0','0','3339','1');
insert into `npc_vendor` (`entry`, `slot`, `item`, `maxcount`, `incrtime`, `ExtendedCost`, `type`) values('200014','0','41095','0','0','3339','1');
insert into `npc_vendor` (`entry`, `slot`, `item`, `maxcount`, `incrtime`, `ExtendedCost`, `type`) values('200014','0','41094','0','0','3339','1');
insert into `npc_vendor` (`entry`, `slot`, `item`, `maxcount`, `incrtime`, `ExtendedCost`, `type`) values('200014','0','41102','0','0','3339','1');
insert into `npc_vendor` (`entry`, `slot`, `item`, `maxcount`, `incrtime`, `ExtendedCost`, `type`) values('200014','0','41103','0','0','3339','1');
insert into `npc_vendor` (`entry`, `slot`, `item`, `maxcount`, `incrtime`, `ExtendedCost`, `type`) values('200014','0','43340','0','0','3339','1');
insert into `npc_vendor` (`entry`, `slot`, `item`, `maxcount`, `incrtime`, `ExtendedCost`, `type`) values('200014','0','41110','0','0','3339','1');
insert into `npc_vendor` (`entry`, `slot`, `item`, `maxcount`, `incrtime`, `ExtendedCost`, `type`) values('200014','0','41109','0','0','3339','1');
insert into `npc_vendor` (`entry`, `slot`, `item`, `maxcount`, `incrtime`, `ExtendedCost`, `type`) values('200014','0','41108','0','0','3339','1');
insert into `npc_vendor` (`entry`, `slot`, `item`, `maxcount`, `incrtime`, `ExtendedCost`, `type`) values('200014','0','41107','0','0','3339','1');
insert into `npc_vendor` (`entry`, `slot`, `item`, `maxcount`, `incrtime`, `ExtendedCost`, `type`) values('200014','0','41106','0','0','3339','1');
insert into `npc_vendor` (`entry`, `slot`, `item`, `maxcount`, `incrtime`, `ExtendedCost`, `type`) values('200014','0','41105','0','0','3339','1');
insert into `npc_vendor` (`entry`, `slot`, `item`, `maxcount`, `incrtime`, `ExtendedCost`, `type`) values('200014','0','41104','0','0','3339','1');
insert into `npc_vendor` (`entry`, `slot`, `item`, `maxcount`, `incrtime`, `ExtendedCost`, `type`) values('200014','0','41092','0','0','3339','1');
insert into `npc_vendor` (`entry`, `slot`, `item`, `maxcount`, `incrtime`, `ExtendedCost`, `type`) values('200014','0','104107','0','0','3339','1');
insert into `npc_vendor` (`entry`, `slot`, `item`, `maxcount`, `incrtime`, `ExtendedCost`, `type`) values('200014','0','104108','0','0','3339','1');
insert into `npc_vendor` (`entry`, `slot`, `item`, `maxcount`, `incrtime`, `ExtendedCost`, `type`) values('200014','0','104051','0','0','3339','1');
insert into `npc_vendor` (`entry`, `slot`, `item`, `maxcount`, `incrtime`, `ExtendedCost`, `type`) values('200014','0','104050','0','0','3339','1');

DELETE FROM `npc_vendor` WHERE `entry`=200015;--cazad
insert into `npc_vendor` (`entry`, `slot`, `item`, `maxcount`, `incrtime`, `ExtendedCost`, `type`) values('200015','0','42897','0','0','3339','1');
insert into `npc_vendor` (`entry`, `slot`, `item`, `maxcount`, `incrtime`, `ExtendedCost`, `type`) values('200015','0','42917','0','0','3339','1');
insert into `npc_vendor` (`entry`, `slot`, `item`, `maxcount`, `incrtime`, `ExtendedCost`, `type`) values('200015','0','43338','0','0','3339','1');
insert into `npc_vendor` (`entry`, `slot`, `item`, `maxcount`, `incrtime`, `ExtendedCost`, `type`) values('200015','0','43350','0','0','3339','1');
insert into `npc_vendor` (`entry`, `slot`, `item`, `maxcount`, `incrtime`, `ExtendedCost`, `type`) values('200015','0','43351','0','0','3339','1');
insert into `npc_vendor` (`entry`, `slot`, `item`, `maxcount`, `incrtime`, `ExtendedCost`, `type`) values('200015','0','43355','0','0','3339','1');
insert into `npc_vendor` (`entry`, `slot`, `item`, `maxcount`, `incrtime`, `ExtendedCost`, `type`) values('200015','0','43356','0','0','3339','1');
insert into `npc_vendor` (`entry`, `slot`, `item`, `maxcount`, `incrtime`, `ExtendedCost`, `type`) values('200015','0','45625','0','0','3339','1');
insert into `npc_vendor` (`entry`, `slot`, `item`, `maxcount`, `incrtime`, `ExtendedCost`, `type`) values('200015','0','45731','0','0','3339','1');
insert into `npc_vendor` (`entry`, `slot`, `item`, `maxcount`, `incrtime`, `ExtendedCost`, `type`) values('200015','0','45732','0','0','3339','1');
insert into `npc_vendor` (`entry`, `slot`, `item`, `maxcount`, `incrtime`, `ExtendedCost`, `type`) values('200015','0','45733','0','0','3339','1');
insert into `npc_vendor` (`entry`, `slot`, `item`, `maxcount`, `incrtime`, `ExtendedCost`, `type`) values('200015','0','45734','0','0','3339','1');
insert into `npc_vendor` (`entry`, `slot`, `item`, `maxcount`, `incrtime`, `ExtendedCost`, `type`) values('200015','0','45735','0','0','3339','1');
insert into `npc_vendor` (`entry`, `slot`, `item`, `maxcount`, `incrtime`, `ExtendedCost`, `type`) values('200015','0','85683','0','0','3339','1');
insert into `npc_vendor` (`entry`, `slot`, `item`, `maxcount`, `incrtime`, `ExtendedCost`, `type`) values('200015','0','85684','0','0','3339','1');
insert into `npc_vendor` (`entry`, `slot`, `item`, `maxcount`, `incrtime`, `ExtendedCost`, `type`) values('200015','0','87278','0','0','3339','1');
insert into `npc_vendor` (`entry`, `slot`, `item`, `maxcount`, `incrtime`, `ExtendedCost`, `type`) values('200015','0','87279','0','0','3339','1');
insert into `npc_vendor` (`entry`, `slot`, `item`, `maxcount`, `incrtime`, `ExtendedCost`, `type`) values('200015','0','42915','0','0','3339','1');
insert into `npc_vendor` (`entry`, `slot`, `item`, `maxcount`, `incrtime`, `ExtendedCost`, `type`) values('200015','0','42914','0','0','3339','1');
insert into `npc_vendor` (`entry`, `slot`, `item`, `maxcount`, `incrtime`, `ExtendedCost`, `type`) values('200015','0','42898','0','0','3339','1');
insert into `npc_vendor` (`entry`, `slot`, `item`, `maxcount`, `incrtime`, `ExtendedCost`, `type`) values('200015','0','42899','0','0','3339','1');
insert into `npc_vendor` (`entry`, `slot`, `item`, `maxcount`, `incrtime`, `ExtendedCost`, `type`) values('200015','0','42900','0','0','3339','1');
insert into `npc_vendor` (`entry`, `slot`, `item`, `maxcount`, `incrtime`, `ExtendedCost`, `type`) values('200015','0','42901','0','0','3339','1');
insert into `npc_vendor` (`entry`, `slot`, `item`, `maxcount`, `incrtime`, `ExtendedCost`, `type`) values('200015','0','42902','0','0','3339','1');
insert into `npc_vendor` (`entry`, `slot`, `item`, `maxcount`, `incrtime`, `ExtendedCost`, `type`) values('200015','0','42903','0','0','3339','1');
insert into `npc_vendor` (`entry`, `slot`, `item`, `maxcount`, `incrtime`, `ExtendedCost`, `type`) values('200015','0','42904','0','0','3339','1');
insert into `npc_vendor` (`entry`, `slot`, `item`, `maxcount`, `incrtime`, `ExtendedCost`, `type`) values('200015','0','42905','0','0','3339','1');
insert into `npc_vendor` (`entry`, `slot`, `item`, `maxcount`, `incrtime`, `ExtendedCost`, `type`) values('200015','0','42906','0','0','3339','1');
insert into `npc_vendor` (`entry`, `slot`, `item`, `maxcount`, `incrtime`, `ExtendedCost`, `type`) values('200015','0','42907','0','0','3339','1');
insert into `npc_vendor` (`entry`, `slot`, `item`, `maxcount`, `incrtime`, `ExtendedCost`, `type`) values('200015','0','42908','0','0','3339','1');
insert into `npc_vendor` (`entry`, `slot`, `item`, `maxcount`, `incrtime`, `ExtendedCost`, `type`) values('200015','0','42909','0','0','3339','1');
insert into `npc_vendor` (`entry`, `slot`, `item`, `maxcount`, `incrtime`, `ExtendedCost`, `type`) values('200015','0','42910','0','0','3339','1');
insert into `npc_vendor` (`entry`, `slot`, `item`, `maxcount`, `incrtime`, `ExtendedCost`, `type`) values('200015','0','42911','0','0','3339','1');
insert into `npc_vendor` (`entry`, `slot`, `item`, `maxcount`, `incrtime`, `ExtendedCost`, `type`) values('200015','0','42912','0','0','3339','1');
insert into `npc_vendor` (`entry`, `slot`, `item`, `maxcount`, `incrtime`, `ExtendedCost`, `type`) values('200015','0','42913','0','0','3339','1');
insert into `npc_vendor` (`entry`, `slot`, `item`, `maxcount`, `incrtime`, `ExtendedCost`, `type`) values('200015','0','87393','0','0','3339','1');
insert into `npc_vendor` (`entry`, `slot`, `item`, `maxcount`, `incrtime`, `ExtendedCost`, `type`) values('200015','0','104270','0','0','3339','1');
insert into `npc_vendor` (`entry`, `slot`, `item`, `maxcount`, `incrtime`, `ExtendedCost`, `type`) values('200015','0','104276','0','0','3339','1');

DELETE FROM `npc_vendor` WHERE `entry`=200016;--monje
insert into `npc_vendor` (`entry`, `slot`, `item`, `maxcount`, `incrtime`, `ExtendedCost`, `type`) values('200016','0','82345','0','0','3339','1');
insert into `npc_vendor` (`entry`, `slot`, `item`, `maxcount`, `incrtime`, `ExtendedCost`, `type`) values('200016','0','87887','0','0','3339','1');
insert into `npc_vendor` (`entry`, `slot`, `item`, `maxcount`, `incrtime`, `ExtendedCost`, `type`) values('200016','0','87888','0','0','3339','1');
insert into `npc_vendor` (`entry`, `slot`, `item`, `maxcount`, `incrtime`, `ExtendedCost`, `type`) values('200016','0','87889','0','0','3339','1');
insert into `npc_vendor` (`entry`, `slot`, `item`, `maxcount`, `incrtime`, `ExtendedCost`, `type`) values('200016','0','87890','0','0','3339','1');
insert into `npc_vendor` (`entry`, `slot`, `item`, `maxcount`, `incrtime`, `ExtendedCost`, `type`) values('200016','0','87891','0','0','3339','1');
insert into `npc_vendor` (`entry`, `slot`, `item`, `maxcount`, `incrtime`, `ExtendedCost`, `type`) values('200016','0','87892','0','0','3339','1');
insert into `npc_vendor` (`entry`, `slot`, `item`, `maxcount`, `incrtime`, `ExtendedCost`, `type`) values('200016','0','87893','0','0','3339','1');
insert into `npc_vendor` (`entry`, `slot`, `item`, `maxcount`, `incrtime`, `ExtendedCost`, `type`) values('200016','0','87894','0','0','3339','1');
insert into `npc_vendor` (`entry`, `slot`, `item`, `maxcount`, `incrtime`, `ExtendedCost`, `type`) values('200016','0','87895','0','0','3339','1');
insert into `npc_vendor` (`entry`, `slot`, `item`, `maxcount`, `incrtime`, `ExtendedCost`, `type`) values('200016','0','87896','0','0','3339','1');
insert into `npc_vendor` (`entry`, `slot`, `item`, `maxcount`, `incrtime`, `ExtendedCost`, `type`) values('200016','0','87897','0','0','3339','1');
insert into `npc_vendor` (`entry`, `slot`, `item`, `maxcount`, `incrtime`, `ExtendedCost`, `type`) values('200016','0','87898','0','0','3339','1');
insert into `npc_vendor` (`entry`, `slot`, `item`, `maxcount`, `incrtime`, `ExtendedCost`, `type`) values('200016','0','87899','0','0','3339','1');
insert into `npc_vendor` (`entry`, `slot`, `item`, `maxcount`, `incrtime`, `ExtendedCost`, `type`) values('200016','0','87900','0','0','3339','1');
insert into `npc_vendor` (`entry`, `slot`, `item`, `maxcount`, `incrtime`, `ExtendedCost`, `type`) values('200016','0','87901','0','0','3339','1');
insert into `npc_vendor` (`entry`, `slot`, `item`, `maxcount`, `incrtime`, `ExtendedCost`, `type`) values('200016','0','87885','0','0','3339','1');
insert into `npc_vendor` (`entry`, `slot`, `item`, `maxcount`, `incrtime`, `ExtendedCost`, `type`) values('200016','0','87884','0','0','3339','1');
insert into `npc_vendor` (`entry`, `slot`, `item`, `maxcount`, `incrtime`, `ExtendedCost`, `type`) values('200016','0','87883','0','0','3339','1');
insert into `npc_vendor` (`entry`, `slot`, `item`, `maxcount`, `incrtime`, `ExtendedCost`, `type`) values('200016','0','84652','0','0','3339','1');
insert into `npc_vendor` (`entry`, `slot`, `item`, `maxcount`, `incrtime`, `ExtendedCost`, `type`) values('200016','0','85685','0','0','3339','1');
insert into `npc_vendor` (`entry`, `slot`, `item`, `maxcount`, `incrtime`, `ExtendedCost`, `type`) values('200016','0','85687','0','0','3339','1');
insert into `npc_vendor` (`entry`, `slot`, `item`, `maxcount`, `incrtime`, `ExtendedCost`, `type`) values('200016','0','85689','0','0','3339','1');
insert into `npc_vendor` (`entry`, `slot`, `item`, `maxcount`, `incrtime`, `ExtendedCost`, `type`) values('200016','0','85691','0','0','3339','1');
insert into `npc_vendor` (`entry`, `slot`, `item`, `maxcount`, `incrtime`, `ExtendedCost`, `type`) values('200016','0','85692','0','0','3339','1');
insert into `npc_vendor` (`entry`, `slot`, `item`, `maxcount`, `incrtime`, `ExtendedCost`, `type`) values('200016','0','85695','0','0','3339','1');
insert into `npc_vendor` (`entry`, `slot`, `item`, `maxcount`, `incrtime`, `ExtendedCost`, `type`) values('200016','0','85696','0','0','3339','1');
insert into `npc_vendor` (`entry`, `slot`, `item`, `maxcount`, `incrtime`, `ExtendedCost`, `type`) values('200016','0','85697','0','0','3339','1');
insert into `npc_vendor` (`entry`, `slot`, `item`, `maxcount`, `incrtime`, `ExtendedCost`, `type`) values('200016','0','85698','0','0','3339','1');
insert into `npc_vendor` (`entry`, `slot`, `item`, `maxcount`, `incrtime`, `ExtendedCost`, `type`) values('200016','0','85699','0','0','3339','1');
insert into `npc_vendor` (`entry`, `slot`, `item`, `maxcount`, `incrtime`, `ExtendedCost`, `type`) values('200016','0','85700','0','0','3339','1');
insert into `npc_vendor` (`entry`, `slot`, `item`, `maxcount`, `incrtime`, `ExtendedCost`, `type`) values('200016','0','87880','0','0','3339','1');
insert into `npc_vendor` (`entry`, `slot`, `item`, `maxcount`, `incrtime`, `ExtendedCost`, `type`) values('200016','0','87881','0','0','3339','1');
insert into `npc_vendor` (`entry`, `slot`, `item`, `maxcount`, `incrtime`, `ExtendedCost`, `type`) values('200016','0','87882','0','0','3339','1');
insert into `npc_vendor` (`entry`, `slot`, `item`, `maxcount`, `incrtime`, `ExtendedCost`, `type`) values('200016','0','90715','0','0','3339','1');

DELETE FROM `npc_vendor` WHERE `entry`=200017;--mago
insert into `npc_vendor` (`entry`, `slot`, `item`, `maxcount`, `incrtime`, `ExtendedCost`, `type`) values('200017','0','42735','0','0','3339','1');
insert into `npc_vendor` (`entry`, `slot`, `item`, `maxcount`, `incrtime`, `ExtendedCost`, `type`) values('200017','0','43360','0','0','3339','1');
insert into `npc_vendor` (`entry`, `slot`, `item`, `maxcount`, `incrtime`, `ExtendedCost`, `type`) values('200017','0','43361','0','0','3339','1');
insert into `npc_vendor` (`entry`, `slot`, `item`, `maxcount`, `incrtime`, `ExtendedCost`, `type`) values('200017','0','43362','0','0','3339','1');
insert into `npc_vendor` (`entry`, `slot`, `item`, `maxcount`, `incrtime`, `ExtendedCost`, `type`) values('200017','0','43364','0','0','3339','1');
insert into `npc_vendor` (`entry`, `slot`, `item`, `maxcount`, `incrtime`, `ExtendedCost`, `type`) values('200017','0','44684','0','0','3339','1');
insert into `npc_vendor` (`entry`, `slot`, `item`, `maxcount`, `incrtime`, `ExtendedCost`, `type`) values('200017','0','44920','0','0','3339','1');
insert into `npc_vendor` (`entry`, `slot`, `item`, `maxcount`, `incrtime`, `ExtendedCost`, `type`) values('200017','0','44955','0','0','3339','1');
insert into `npc_vendor` (`entry`, `slot`, `item`, `maxcount`, `incrtime`, `ExtendedCost`, `type`) values('200017','0','45736','0','0','3339','1');
insert into `npc_vendor` (`entry`, `slot`, `item`, `maxcount`, `incrtime`, `ExtendedCost`, `type`) values('200017','0','45737','0','0','3339','1');
insert into `npc_vendor` (`entry`, `slot`, `item`, `maxcount`, `incrtime`, `ExtendedCost`, `type`) values('200017','0','45738','0','0','3339','1');
insert into `npc_vendor` (`entry`, `slot`, `item`, `maxcount`, `incrtime`, `ExtendedCost`, `type`) values('200017','0','45739','0','0','3339','1');
insert into `npc_vendor` (`entry`, `slot`, `item`, `maxcount`, `incrtime`, `ExtendedCost`, `type`) values('200017','0','45740','0','0','3339','1');
insert into `npc_vendor` (`entry`, `slot`, `item`, `maxcount`, `incrtime`, `ExtendedCost`, `type`) values('200017','0','50045','0','0','3339','1');
insert into `npc_vendor` (`entry`, `slot`, `item`, `maxcount`, `incrtime`, `ExtendedCost`, `type`) values('200017','0','63416','0','0','3339','1');
insert into `npc_vendor` (`entry`, `slot`, `item`, `maxcount`, `incrtime`, `ExtendedCost`, `type`) values('200017','0','63539','0','0','3339','1');
insert into `npc_vendor` (`entry`, `slot`, `item`, `maxcount`, `incrtime`, `ExtendedCost`, `type`) values('200017','0','43359','0','0','3339','1');
insert into `npc_vendor` (`entry`, `slot`, `item`, `maxcount`, `incrtime`, `ExtendedCost`, `type`) values('200017','0','43339','0','0','3339','1');
insert into `npc_vendor` (`entry`, `slot`, `item`, `maxcount`, `incrtime`, `ExtendedCost`, `type`) values('200017','0','42736','0','0','3339','1');
insert into `npc_vendor` (`entry`, `slot`, `item`, `maxcount`, `incrtime`, `ExtendedCost`, `type`) values('200017','0','42737','0','0','3339','1');
insert into `npc_vendor` (`entry`, `slot`, `item`, `maxcount`, `incrtime`, `ExtendedCost`, `type`) values('200017','0','42738','0','0','3339','1');
insert into `npc_vendor` (`entry`, `slot`, `item`, `maxcount`, `incrtime`, `ExtendedCost`, `type`) values('200017','0','42739','0','0','3339','1');
insert into `npc_vendor` (`entry`, `slot`, `item`, `maxcount`, `incrtime`, `ExtendedCost`, `type`) values('200017','0','42741','0','0','3339','1');
insert into `npc_vendor` (`entry`, `slot`, `item`, `maxcount`, `incrtime`, `ExtendedCost`, `type`) values('200017','0','42743','0','0','3339','1');
insert into `npc_vendor` (`entry`, `slot`, `item`, `maxcount`, `incrtime`, `ExtendedCost`, `type`) values('200017','0','42744','0','0','3339','1');
insert into `npc_vendor` (`entry`, `slot`, `item`, `maxcount`, `incrtime`, `ExtendedCost`, `type`) values('200017','0','42745','0','0','3339','1');
insert into `npc_vendor` (`entry`, `slot`, `item`, `maxcount`, `incrtime`, `ExtendedCost`, `type`) values('200017','0','42746','0','0','3339','1');
insert into `npc_vendor` (`entry`, `slot`, `item`, `maxcount`, `incrtime`, `ExtendedCost`, `type`) values('200017','0','42748','0','0','3339','1');
insert into `npc_vendor` (`entry`, `slot`, `item`, `maxcount`, `incrtime`, `ExtendedCost`, `type`) values('200017','0','42749','0','0','3339','1');
insert into `npc_vendor` (`entry`, `slot`, `item`, `maxcount`, `incrtime`, `ExtendedCost`, `type`) values('200017','0','42751','0','0','3339','1');
insert into `npc_vendor` (`entry`, `slot`, `item`, `maxcount`, `incrtime`, `ExtendedCost`, `type`) values('200017','0','42752','0','0','3339','1');
insert into `npc_vendor` (`entry`, `slot`, `item`, `maxcount`, `incrtime`, `ExtendedCost`, `type`) values('200017','0','42753','0','0','3339','1');
insert into `npc_vendor` (`entry`, `slot`, `item`, `maxcount`, `incrtime`, `ExtendedCost`, `type`) values('200017','0','42754','0','0','3339','1');
insert into `npc_vendor` (`entry`, `slot`, `item`, `maxcount`, `incrtime`, `ExtendedCost`, `type`) values('200017','0','69773','0','0','3339','1');
insert into `npc_vendor` (`entry`, `slot`, `item`, `maxcount`, `incrtime`, `ExtendedCost`, `type`) values('200017','0','104106','0','0','3339','1');
insert into `npc_vendor` (`entry`, `slot`, `item`, `maxcount`, `incrtime`, `ExtendedCost`, `type`) values('200017','0','104105','0','0','3339','1');
insert into `npc_vendor` (`entry`, `slot`, `item`, `maxcount`, `incrtime`, `ExtendedCost`, `type`) values('200017','0','104104','0','0','3339','1');

DELETE FROM `npc_vendor` WHERE `entry`=200018;--priest
insert into `npc_vendor` (`entry`, `slot`, `item`, `maxcount`, `incrtime`, `ExtendedCost`, `type`) values('200018','0','87902','0','0','3339','1');
insert into `npc_vendor` (`entry`, `slot`, `item`, `maxcount`, `incrtime`, `ExtendedCost`, `type`) values('200018','0','45757','0','0','3339','1');
insert into `npc_vendor` (`entry`, `slot`, `item`, `maxcount`, `incrtime`, `ExtendedCost`, `type`) values('200018','0','45756','0','0','3339','1');
insert into `npc_vendor` (`entry`, `slot`, `item`, `maxcount`, `incrtime`, `ExtendedCost`, `type`) values('200018','0','45755','0','0','3339','1');
insert into `npc_vendor` (`entry`, `slot`, `item`, `maxcount`, `incrtime`, `ExtendedCost`, `type`) values('200018','0','45753','0','0','3339','1');
insert into `npc_vendor` (`entry`, `slot`, `item`, `maxcount`, `incrtime`, `ExtendedCost`, `type`) values('200018','0','43374','0','0','3339','1');
insert into `npc_vendor` (`entry`, `slot`, `item`, `maxcount`, `incrtime`, `ExtendedCost`, `type`) values('200018','0','43373','0','0','3339','1');
insert into `npc_vendor` (`entry`, `slot`, `item`, `maxcount`, `incrtime`, `ExtendedCost`, `type`) values('200018','0','43372','0','0','3339','1');
insert into `npc_vendor` (`entry`, `slot`, `item`, `maxcount`, `incrtime`, `ExtendedCost`, `type`) values('200018','0','43371','0','0','3339','1');
insert into `npc_vendor` (`entry`, `slot`, `item`, `maxcount`, `incrtime`, `ExtendedCost`, `type`) values('200018','0','45758','0','0','3339','1');
insert into `npc_vendor` (`entry`, `slot`, `item`, `maxcount`, `incrtime`, `ExtendedCost`, `type`) values('200018','0','45760','0','0','3339','1');
insert into `npc_vendor` (`entry`, `slot`, `item`, `maxcount`, `incrtime`, `ExtendedCost`, `type`) values('200018','0','77101','0','0','3339','1');
insert into `npc_vendor` (`entry`, `slot`, `item`, `maxcount`, `incrtime`, `ExtendedCost`, `type`) values('200018','0','87392','0','0','3339','1');
insert into `npc_vendor` (`entry`, `slot`, `item`, `maxcount`, `incrtime`, `ExtendedCost`, `type`) values('200018','0','87277','0','0','3339','1');
insert into `npc_vendor` (`entry`, `slot`, `item`, `maxcount`, `incrtime`, `ExtendedCost`, `type`) values('200018','0','87276','0','0','3339','1');
insert into `npc_vendor` (`entry`, `slot`, `item`, `maxcount`, `incrtime`, `ExtendedCost`, `type`) values('200018','0','86541','0','0','3339','1');
insert into `npc_vendor` (`entry`, `slot`, `item`, `maxcount`, `incrtime`, `ExtendedCost`, `type`) values('200018','0','79538','0','0','3339','1');
insert into `npc_vendor` (`entry`, `slot`, `item`, `maxcount`, `incrtime`, `ExtendedCost`, `type`) values('200018','0','79515','0','0','3339','1');
insert into `npc_vendor` (`entry`, `slot`, `item`, `maxcount`, `incrtime`, `ExtendedCost`, `type`) values('200018','0','79514','0','0','3339','1');
insert into `npc_vendor` (`entry`, `slot`, `item`, `maxcount`, `incrtime`, `ExtendedCost`, `type`) values('200018','0','79513','0','0','3339','1');
insert into `npc_vendor` (`entry`, `slot`, `item`, `maxcount`, `incrtime`, `ExtendedCost`, `type`) values('200018','0','43370','0','0','3339','1');
insert into `npc_vendor` (`entry`, `slot`, `item`, `maxcount`, `incrtime`, `ExtendedCost`, `type`) values('200018','0','43342','0','0','3339','1');
insert into `npc_vendor` (`entry`, `slot`, `item`, `maxcount`, `incrtime`, `ExtendedCost`, `type`) values('200018','0','42417','0','0','3339','1');
insert into `npc_vendor` (`entry`, `slot`, `item`, `maxcount`, `incrtime`, `ExtendedCost`, `type`) values('200018','0','42404','0','0','3339','1');
insert into `npc_vendor` (`entry`, `slot`, `item`, `maxcount`, `incrtime`, `ExtendedCost`, `type`) values('200018','0','42403','0','0','3339','1');
insert into `npc_vendor` (`entry`, `slot`, `item`, `maxcount`, `incrtime`, `ExtendedCost`, `type`) values('200018','0','42402','0','0','3339','1');
insert into `npc_vendor` (`entry`, `slot`, `item`, `maxcount`, `incrtime`, `ExtendedCost`, `type`) values('200018','0','42401','0','0','3339','1');
insert into `npc_vendor` (`entry`, `slot`, `item`, `maxcount`, `incrtime`, `ExtendedCost`, `type`) values('200018','0','42400','0','0','3339','1');
insert into `npc_vendor` (`entry`, `slot`, `item`, `maxcount`, `incrtime`, `ExtendedCost`, `type`) values('200018','0','42399','0','0','3339','1');
insert into `npc_vendor` (`entry`, `slot`, `item`, `maxcount`, `incrtime`, `ExtendedCost`, `type`) values('200018','0','42398','0','0','3339','1');
insert into `npc_vendor` (`entry`, `slot`, `item`, `maxcount`, `incrtime`, `ExtendedCost`, `type`) values('200018','0','42397','0','0','3339','1');
insert into `npc_vendor` (`entry`, `slot`, `item`, `maxcount`, `incrtime`, `ExtendedCost`, `type`) values('200018','0','42405','0','0','3339','1');
insert into `npc_vendor` (`entry`, `slot`, `item`, `maxcount`, `incrtime`, `ExtendedCost`, `type`) values('200018','0','42406','0','0','3339','1');
insert into `npc_vendor` (`entry`, `slot`, `item`, `maxcount`, `incrtime`, `ExtendedCost`, `type`) values('200018','0','42407','0','0','3339','1');
insert into `npc_vendor` (`entry`, `slot`, `item`, `maxcount`, `incrtime`, `ExtendedCost`, `type`) values('200018','0','42416','0','0','3339','1');
insert into `npc_vendor` (`entry`, `slot`, `item`, `maxcount`, `incrtime`, `ExtendedCost`, `type`) values('200018','0','42415','0','0','3339','1');
insert into `npc_vendor` (`entry`, `slot`, `item`, `maxcount`, `incrtime`, `ExtendedCost`, `type`) values('200018','0','42414','0','0','3339','1');
insert into `npc_vendor` (`entry`, `slot`, `item`, `maxcount`, `incrtime`, `ExtendedCost`, `type`) values('200018','0','42412','0','0','3339','1');
insert into `npc_vendor` (`entry`, `slot`, `item`, `maxcount`, `incrtime`, `ExtendedCost`, `type`) values('200018','0','42411','0','0','3339','1');
insert into `npc_vendor` (`entry`, `slot`, `item`, `maxcount`, `incrtime`, `ExtendedCost`, `type`) values('200018','0','42410','0','0','3339','1');
insert into `npc_vendor` (`entry`, `slot`, `item`, `maxcount`, `incrtime`, `ExtendedCost`, `type`) values('200018','0','42409','0','0','3339','1');
insert into `npc_vendor` (`entry`, `slot`, `item`, `maxcount`, `incrtime`, `ExtendedCost`, `type`) values('200018','0','42408','0','0','3339','1');
insert into `npc_vendor` (`entry`, `slot`, `item`, `maxcount`, `incrtime`, `ExtendedCost`, `type`) values('200018','0','42396','0','0','3339','1');
insert into `npc_vendor` (`entry`, `slot`, `item`, `maxcount`, `incrtime`, `ExtendedCost`, `type`) values('200018','0','104121','0','0','3339','1');
insert into `npc_vendor` (`entry`, `slot`, `item`, `maxcount`, `incrtime`, `ExtendedCost`, `type`) values('200018','0','104120','0','0','3339','1');
insert into `npc_vendor` (`entry`, `slot`, `item`, `maxcount`, `incrtime`, `ExtendedCost`, `type`) values('200018','0','104122','0','0','3339','1');
insert into `npc_vendor` (`entry`, `slot`, `item`, `maxcount`, `incrtime`, `ExtendedCost`, `type`) values('200018','0','104109','0','0','3339','1');

DELETE FROM `npc_vendor` WHERE `entry`=200019;--dru
insert into `npc_vendor` (`entry`, `slot`, `item`, `maxcount`, `incrtime`, `ExtendedCost`, `type`) values('200019','0','89868','0','0','3339','1');
insert into `npc_vendor` (`entry`, `slot`, `item`, `maxcount`, `incrtime`, `ExtendedCost`, `type`) values('200019','0','45601','0','0','3339','1');
insert into `npc_vendor` (`entry`, `slot`, `item`, `maxcount`, `incrtime`, `ExtendedCost`, `type`) values('200019','0','44928','0','0','3339','1');
insert into `npc_vendor` (`entry`, `slot`, `item`, `maxcount`, `incrtime`, `ExtendedCost`, `type`) values('200019','0','44922','0','0','3339','1');
insert into `npc_vendor` (`entry`, `slot`, `item`, `maxcount`, `incrtime`, `ExtendedCost`, `type`) values('200019','0','43674','0','0','3339','1');
insert into `npc_vendor` (`entry`, `slot`, `item`, `maxcount`, `incrtime`, `ExtendedCost`, `type`) values('200019','0','43335','0','0','3339','1');
insert into `npc_vendor` (`entry`, `slot`, `item`, `maxcount`, `incrtime`, `ExtendedCost`, `type`) values('200019','0','43334','0','0','3339','1');
insert into `npc_vendor` (`entry`, `slot`, `item`, `maxcount`, `incrtime`, `ExtendedCost`, `type`) values('200019','0','43332','0','0','3339','1');
insert into `npc_vendor` (`entry`, `slot`, `item`, `maxcount`, `incrtime`, `ExtendedCost`, `type`) values('200019','0','43331','0','0','3339','1');
insert into `npc_vendor` (`entry`, `slot`, `item`, `maxcount`, `incrtime`, `ExtendedCost`, `type`) values('200019','0','45602','0','0','3339','1');
insert into `npc_vendor` (`entry`, `slot`, `item`, `maxcount`, `incrtime`, `ExtendedCost`, `type`) values('200019','0','45603','0','0','3339','1');
insert into `npc_vendor` (`entry`, `slot`, `item`, `maxcount`, `incrtime`, `ExtendedCost`, `type`) values('200019','0','45604','0','0','3339','1');
insert into `npc_vendor` (`entry`, `slot`, `item`, `maxcount`, `incrtime`, `ExtendedCost`, `type`) values('200019','0','67487','0','0','3339','1');
insert into `npc_vendor` (`entry`, `slot`, `item`, `maxcount`, `incrtime`, `ExtendedCost`, `type`) values('200019','0','67486','0','0','3339','1');
insert into `npc_vendor` (`entry`, `slot`, `item`, `maxcount`, `incrtime`, `ExtendedCost`, `type`) values('200019','0','67485','0','0','3339','1');
insert into `npc_vendor` (`entry`, `slot`, `item`, `maxcount`, `incrtime`, `ExtendedCost`, `type`) values('200019','0','67484','0','0','3339','1');
insert into `npc_vendor` (`entry`, `slot`, `item`, `maxcount`, `incrtime`, `ExtendedCost`, `type`) values('200019','0','48720','0','0','3339','1');
insert into `npc_vendor` (`entry`, `slot`, `item`, `maxcount`, `incrtime`, `ExtendedCost`, `type`) values('200019','0','45623','0','0','3339','1');
insert into `npc_vendor` (`entry`, `slot`, `item`, `maxcount`, `incrtime`, `ExtendedCost`, `type`) values('200019','0','45622','0','0','3339','1');
insert into `npc_vendor` (`entry`, `slot`, `item`, `maxcount`, `incrtime`, `ExtendedCost`, `type`) values('200019','0','43316','0','0','3339','1');
insert into `npc_vendor` (`entry`, `slot`, `item`, `maxcount`, `incrtime`, `ExtendedCost`, `type`) values('200019','0','40924','0','0','3339','1');
insert into `npc_vendor` (`entry`, `slot`, `item`, `maxcount`, `incrtime`, `ExtendedCost`, `type`) values('200019','0','40908','0','0','3339','1');
insert into `npc_vendor` (`entry`, `slot`, `item`, `maxcount`, `incrtime`, `ExtendedCost`, `type`) values('200019','0','40906','0','0','3339','1');
insert into `npc_vendor` (`entry`, `slot`, `item`, `maxcount`, `incrtime`, `ExtendedCost`, `type`) values('200019','0','40903','0','0','3339','1');
insert into `npc_vendor` (`entry`, `slot`, `item`, `maxcount`, `incrtime`, `ExtendedCost`, `type`) values('200019','0','40902','0','0','3339','1');
insert into `npc_vendor` (`entry`, `slot`, `item`, `maxcount`, `incrtime`, `ExtendedCost`, `type`) values('200019','0','40901','0','0','3339','1');
insert into `npc_vendor` (`entry`, `slot`, `item`, `maxcount`, `incrtime`, `ExtendedCost`, `type`) values('200019','0','40900','0','0','3339','1');
insert into `npc_vendor` (`entry`, `slot`, `item`, `maxcount`, `incrtime`, `ExtendedCost`, `type`) values('200019','0','40899','0','0','3339','1');
insert into `npc_vendor` (`entry`, `slot`, `item`, `maxcount`, `incrtime`, `ExtendedCost`, `type`) values('200019','0','40897','0','0','3339','1');
insert into `npc_vendor` (`entry`, `slot`, `item`, `maxcount`, `incrtime`, `ExtendedCost`, `type`) values('200019','0','40909','0','0','3339','1');
insert into `npc_vendor` (`entry`, `slot`, `item`, `maxcount`, `incrtime`, `ExtendedCost`, `type`) values('200019','0','40912','0','0','3339','1');
insert into `npc_vendor` (`entry`, `slot`, `item`, `maxcount`, `incrtime`, `ExtendedCost`, `type`) values('200019','0','40913','0','0','3339','1');
insert into `npc_vendor` (`entry`, `slot`, `item`, `maxcount`, `incrtime`, `ExtendedCost`, `type`) values('200019','0','40923','0','0','3339','1');
insert into `npc_vendor` (`entry`, `slot`, `item`, `maxcount`, `incrtime`, `ExtendedCost`, `type`) values('200019','0','40922','0','0','3339','1');
insert into `npc_vendor` (`entry`, `slot`, `item`, `maxcount`, `incrtime`, `ExtendedCost`, `type`) values('200019','0','40921','0','0','3339','1');
insert into `npc_vendor` (`entry`, `slot`, `item`, `maxcount`, `incrtime`, `ExtendedCost`, `type`) values('200019','0','40920','0','0','3339','1');
insert into `npc_vendor` (`entry`, `slot`, `item`, `maxcount`, `incrtime`, `ExtendedCost`, `type`) values('200019','0','40919','0','0','3339','1');
insert into `npc_vendor` (`entry`, `slot`, `item`, `maxcount`, `incrtime`, `ExtendedCost`, `type`) values('200019','0','40916','0','0','3339','1');
insert into `npc_vendor` (`entry`, `slot`, `item`, `maxcount`, `incrtime`, `ExtendedCost`, `type`) values('200019','0','40915','0','0','3339','1');
insert into `npc_vendor` (`entry`, `slot`, `item`, `maxcount`, `incrtime`, `ExtendedCost`, `type`) values('200019','0','40914','0','0','3339','1');
insert into `npc_vendor` (`entry`, `slot`, `item`, `maxcount`, `incrtime`, `ExtendedCost`, `type`) values('200019','0','40896','0','0','3339','1');
insert into `npc_vendor` (`entry`, `slot`, `item`, `maxcount`, `incrtime`, `ExtendedCost`, `type`) values('200019','0','104103','0','0','3339','1');
insert into `npc_vendor` (`entry`, `slot`, `item`, `maxcount`, `incrtime`, `ExtendedCost`, `type`) values('200019','0','104102','0','0','3339','1');

DELETE FROM `npc_vendor` WHERE `entry`=200020;--warrior
insert into `npc_vendor` (`entry`, `slot`, `item`, `maxcount`, `incrtime`, `ExtendedCost`, `type`) values('200020','0','43395','0','0','3339','1');
insert into `npc_vendor` (`entry`, `slot`, `item`, `maxcount`, `incrtime`, `ExtendedCost`, `type`) values('200020','0','43428','0','0','3339','1');
insert into `npc_vendor` (`entry`, `slot`, `item`, `maxcount`, `incrtime`, `ExtendedCost`, `type`) values('200020','0','43430','0','0','3339','1');
insert into `npc_vendor` (`entry`, `slot`, `item`, `maxcount`, `incrtime`, `ExtendedCost`, `type`) values('200020','0','43431','0','0','3339','1');
insert into `npc_vendor` (`entry`, `slot`, `item`, `maxcount`, `incrtime`, `ExtendedCost`, `type`) values('200020','0','43432','0','0','3339','1');
insert into `npc_vendor` (`entry`, `slot`, `item`, `maxcount`, `incrtime`, `ExtendedCost`, `type`) values('200020','0','45790','0','0','3339','1');
insert into `npc_vendor` (`entry`, `slot`, `item`, `maxcount`, `incrtime`, `ExtendedCost`, `type`) values('200020','0','45792','0','0','3339','1');
insert into `npc_vendor` (`entry`, `slot`, `item`, `maxcount`, `incrtime`, `ExtendedCost`, `type`) values('200020','0','45793','0','0','3339','1');
insert into `npc_vendor` (`entry`, `slot`, `item`, `maxcount`, `incrtime`, `ExtendedCost`, `type`) values('200020','0','45794','0','0','3339','1');
insert into `npc_vendor` (`entry`, `slot`, `item`, `maxcount`, `incrtime`, `ExtendedCost`, `type`) values('200020','0','45795','0','0','3339','1');
insert into `npc_vendor` (`entry`, `slot`, `item`, `maxcount`, `incrtime`, `ExtendedCost`, `type`) values('200020','0','45797','0','0','3339','1');
insert into `npc_vendor` (`entry`, `slot`, `item`, `maxcount`, `incrtime`, `ExtendedCost`, `type`) values('200020','0','63481','0','0','3339','1');
insert into `npc_vendor` (`entry`, `slot`, `item`, `maxcount`, `incrtime`, `ExtendedCost`, `type`) values('200020','0','67482','0','0','3339','1');
insert into `npc_vendor` (`entry`, `slot`, `item`, `maxcount`, `incrtime`, `ExtendedCost`, `type`) values('200020','0','67483','0','0','3339','1');
insert into `npc_vendor` (`entry`, `slot`, `item`, `maxcount`, `incrtime`, `ExtendedCost`, `type`) values('200020','0','80587','0','0','3339','1');
insert into `npc_vendor` (`entry`, `slot`, `item`, `maxcount`, `incrtime`, `ExtendedCost`, `type`) values('200020','0','80588','0','0','3339','1');
insert into `npc_vendor` (`entry`, `slot`, `item`, `maxcount`, `incrtime`, `ExtendedCost`, `type`) values('200020','0','83096','0','0','3339','1');
insert into `npc_vendor` (`entry`, `slot`, `item`, `maxcount`, `incrtime`, `ExtendedCost`, `type`) values('200020','0','43427','0','0','3339','1');
insert into `npc_vendor` (`entry`, `slot`, `item`, `maxcount`, `incrtime`, `ExtendedCost`, `type`) values('200020','0','43425','0','0','3339','1');
insert into `npc_vendor` (`entry`, `slot`, `item`, `maxcount`, `incrtime`, `ExtendedCost`, `type`) values('200020','0','43396','0','0','3339','1');
insert into `npc_vendor` (`entry`, `slot`, `item`, `maxcount`, `incrtime`, `ExtendedCost`, `type`) values('200020','0','43397','0','0','3339','1');
insert into `npc_vendor` (`entry`, `slot`, `item`, `maxcount`, `incrtime`, `ExtendedCost`, `type`) values('200020','0','43398','0','0','3339','1');
insert into `npc_vendor` (`entry`, `slot`, `item`, `maxcount`, `incrtime`, `ExtendedCost`, `type`) values('200020','0','43399','0','0','3339','1');
insert into `npc_vendor` (`entry`, `slot`, `item`, `maxcount`, `incrtime`, `ExtendedCost`, `type`) values('200020','0','43400','0','0','3339','1');
insert into `npc_vendor` (`entry`, `slot`, `item`, `maxcount`, `incrtime`, `ExtendedCost`, `type`) values('200020','0','43412','0','0','3339','1');
insert into `npc_vendor` (`entry`, `slot`, `item`, `maxcount`, `incrtime`, `ExtendedCost`, `type`) values('200020','0','43413','0','0','3339','1');
insert into `npc_vendor` (`entry`, `slot`, `item`, `maxcount`, `incrtime`, `ExtendedCost`, `type`) values('200020','0','43414','0','0','3339','1');
insert into `npc_vendor` (`entry`, `slot`, `item`, `maxcount`, `incrtime`, `ExtendedCost`, `type`) values('200020','0','43415','0','0','3339','1');
insert into `npc_vendor` (`entry`, `slot`, `item`, `maxcount`, `incrtime`, `ExtendedCost`, `type`) values('200020','0','43416','0','0','3339','1');
insert into `npc_vendor` (`entry`, `slot`, `item`, `maxcount`, `incrtime`, `ExtendedCost`, `type`) values('200020','0','43417','0','0','3339','1');

--agregar gossip de cada vendor con respectivo id en action_menu_id
DELETE FROM `gossip_menu_option` WHERE `menu_id`=66100;
insert into `gossip_menu_option` (`menu_id`, `id`, `option_icon`, `option_text`, `option_id`, `npc_option_npcflag`, `action_menu_id`, `action_poi_id`, `box_coded`, `box_money`, `box_text`) values
('66100','0','1','Glifos Chaman','3','128','200010','0','0','0','Continuar?'),
('66100','1','1','Glifos Brujo','3','128','200011','0','0','0','Continuar?'),
('66100','2','1','Glifos Picaro','3','128','200013','0','0','0','Continuar?'),
('66100','3','1','Glifos Paladin','3','128','200014','0','0','0','Continuar?'),
('66100','4','1','Glifos Cazador','3','128','200015','0','0','0','Continuar?'),
('66100','5','1','Glifos Monje','3','128','200016','0','0','0','Continuar?'),
('66100','6','1','Glifos Mago','3','128','200017','0','0','0','Continuar?'),
('66100','7','1','Glifos Sacerdote','3','128','200018','0','0','0','Continuar?'),
('66100','8','1','Glifos Druida','3','128','200019','0','0','0','Continuar?'),
('66100','9','1','Glifos Guerrero','3','128','200020','0','0','0','Continuar?'),
('66100','10','1','Glifos Caballero de la Muerte','3','128','200012','0','0','0','Continuar?');

DELETE FROM `creature` WHERE `id`=200009;
insert into `creature` (`guid`, `id`, `map`, `zoneId`, `areaId`, `spawnMask`, `phaseMask`, `modelid`, `equipment_id`, `position_x`, `position_y`, `position_z`, `orientation`, `spawntimesecs`, `spawndist`, `currentwaypoint`, `curhealth`, `curmana`, `MovementType`, `npcflag`, `npcflag2`, `unit_flags`, `unit_flags2`, `dynamicflags`, `isActive`, `protec_anti_doublet`) values(NULL,'200009','1','0','0','1','1','0','0','16237.4','16262','14.5574','1.97533','300','0','0','2','0','0','0','0','0','2048','0','0',NULL);
insert into `creature` (`guid`, `id`, `map`, `zoneId`, `areaId`, `spawnMask`, `phaseMask`, `modelid`, `equipment_id`, `position_x`, `position_y`, `position_z`, `orientation`, `spawntimesecs`, `spawndist`, `currentwaypoint`, `curhealth`, `curmana`, `MovementType`, `npcflag`, `npcflag2`, `unit_flags`, `unit_flags2`, `dynamicflags`, `isActive`, `protec_anti_doublet`) values(NULL,'200009','0','0','0','1','1','0','0','-9105.23','398.024','92.6248','2.23893','300','0','0','2','0','0','0','0','0','2048','0','0',NULL);
insert into `creature` (`guid`, `id`, `map`, `zoneId`, `areaId`, `spawnMask`, `phaseMask`, `modelid`, `equipment_id`, `position_x`, `position_y`, `position_z`, `orientation`, `spawntimesecs`, `spawndist`, `currentwaypoint`, `curhealth`, `curmana`, `MovementType`, `npcflag`, `npcflag2`, `unit_flags`, `unit_flags2`, `dynamicflags`, `isActive`, `protec_anti_doublet`) values(NULL,'200009','1','0','0','1','1','0','0','1324.59','-4374.37','26.2195','5.19132','300','0','0','2','0','0','0','0','0','2048','0','0',NULL);
insert into `creature` (`guid`, `id`, `map`, `zoneId`, `areaId`, `spawnMask`, `phaseMask`, `modelid`, `equipment_id`, `position_x`, `position_y`, `position_z`, `orientation`, `spawntimesecs`, `spawndist`, `currentwaypoint`, `curhealth`, `curmana`, `MovementType`, `npcflag`, `npcflag2`, `unit_flags`, `unit_flags2`, `dynamicflags`, `isActive`, `protec_anti_doublet`) values(NULL,'200009','1','0','0','1','1','0','0','3345.63','-4602.65','266.256','2.2261','300','0','0','2','0','0','0','0','0','2048','0','0',NULL);
